GP,FGA,FG_percent,3P Made,3P_percent,FTM,FT_percent,OREB,AST,STL,BLK,TOV,TARGET
36,7.6,34.7,0.5,25.0,1.6,69.9,0.7,1.9,0.4,0.4,1.3,0
35,6.7,29.6,0.7,23.5,2.6,76.5,0.5,3.7,1.1,0.5,1.6,0
74,4.7,42.2,0.4,24.4,0.9,67.0,0.5,1.0,0.5,0.3,1.0,0
58,5.5,42.6,0.1,22.6,0.9,68.9,1.0,0.8,0.6,0.1,1.0,1
48,3.0,52.4,0.0,0.0,1.3,67.4,1.0,0.3,0.3,0.4,0.8,1
75,3.5,42.3,0.3,32.5,0.4,73.2,0.2,1.8,0.4,0.0,0.7,0
62,5.8,43.5,0.0,50.0,1.5,81.1,0.5,0.6,0.2,0.1,0.7,1
48,5.4,41.5,0.4,30.0,0.7,87.5,0.8,0.2,0.2,0.1,0.7,1
65,2.4,39.2,0.1,23.3,0.4,71.4,0.2,2.3,0.3,0.0,1.1,0
42,3.5,38.3,0.1,21.4,1.0,67.8,0.4,0.3,0.2,0.0,0.7,0
35,2.4,36.5,0.0,33.3,0.5,81.8,0.5,0.7,0.1,0.1,0.3,0
40,3.0,39.8,0.1,13.6,1.1,77.6,0.5,0.4,0.3,0.1,0.6,1
27,1.3,47.2,0.0,0.0,0.1,28.6,0.6,0.2,0.2,0.6,0.3,1
45,6.0,32.3,1.1,30.1,0.7,86.1,0.5,0.5,0.5,0.3,0.5,0
44,1.9,53.7,0.0,0.0,0.4,50.0,0.4,0.2,0.2,0.4,0.6,1
40,1.8,51.4,0.1,14.3,0.7,68.4,0.1,1.4,0.3,0.0,0.8,1
49,1.9,37.6,0.0,0.0,0.7,64.2,0.5,0.2,0.3,0.2,0.5,0
41,1.6,34.8,0.1,21.4,0.5,73.1,0.1,1.0,0.3,0.0,0.4,0
82,15.3,49.0,0.1,22.7,4.1,82.9,3.9,3.6,1.0,0.6,1.9,0
82,15.3,49.0,0.1,22.7,4.1,82.9,3.9,3.6,1.0,0.6,1.9,1
80,11.1,52.5,0.0,11.1,2.6,65.4,3.0,2.4,1.1,0.8,2.2,1
82,11.0,48.9,0.0,16.7,2.6,66.6,2.3,2.5,1.5,0.3,2.2,1
76,11.7,37.5,0.1,13.3,1.8,73.0,1.1,2.2,2.0,0.2,2.0,1
61,10.7,45.4,0.7,32.0,1.6,74.8,1.3,4.6,1.0,0.3,2.5,0
32,5.2,53.3,0.0,0.0,0.8,62.5,1.7,0.4,0.5,0.5,1.0,0
76,7.8,51.4,0.0,0.0,2.5,80.7,2.4,1.6,0.7,0.6,1.5,1
52,6.8,45.1,1.1,43.4,2.1,83.6,0.5,3.7,0.6,0.0,1.8,0
76,9.2,41.5,0.0,0.0,1.2,73.6,1.7,1.7,0.8,0.5,1.3,1
78,8.7,44.7,0.7,39.0,1.6,74.1,0.9,2.2,1.2,0.3,1.2,0
51,6.4,49.7,0.0,0.0,2.0,66.7,2.3,0.8,0.5,0.5,1.5,1
64,4.4,55.2,0.0,0.0,1.4,57.2,2.5,0.5,0.4,1.2,0.8,1
55,8.1,52.9,0.0,0.0,1.8,51.5,2.1,0.7,0.4,1.5,1.4,1
82,7.3,41.9,0.0,4.3,1.2,80.6,0.6,3.9,1.0,0.3,1.7,1
48,6.8,52.8,0.0,0.0,2.0,66.9,2.4,0.7,0.8,1.1,1.8,1
34,5.0,30.2,0.4,18.5,0.9,91.2,0.1,3.1,0.6,0.2,1.0,0
42,7.7,40.0,0.7,35.7,1.5,83.3,0.7,1.1,0.8,0.1,1.1,1
82,5.3,37.0,0.1,14.5,1.4,74.1,0.4,3.8,0.7,0.1,1.2,1
64,7.5,39.0,0.0,23.1,1.1,74.5,0.6,3.2,1.1,0.1,1.5,1
80,5.7,52.9,0.0,0.0,1.3,69.1,1.3,0.4,0.6,0.8,1.1,1
77,4.9,46.7,0.0,21.4,1.1,81.0,1.4,0.4,0.3,0.6,0.9,1
55,4.1,41.7,0.1,37.5,0.6,76.1,0.5,1.5,0.7,0.2,0.8,0
48,5.1,40.7,0.0,9.5,0.9,80.4,0.6,2.1,0.9,0.0,1.3,0
51,3.8,39.9,0.2,27.0,1.8,87.5,0.4,2.8,0.9,0.0,1.4,0
51,4.1,40.2,0.2,36.7,0.4,76.9,0.6,0.8,0.3,0.2,0.7,0
72,3.8,42.3,0.0,0.0,1.4,80.3,0.4,1.9,0.6,0.1,1.3,1
69,3.6,45.2,0.0,100.0,0.3,82.1,1.1,0.6,0.5,0.3,0.6,1
54,3.8,56.8,0.0,0.0,1.3,66.1,1.4,0.3,0.6,0.7,0.8,1
24,4.1,30.3,0.6,36.6,1.0,66.7,0.1,1.5,0.7,0.1,1.3,0
50,3.7,41.5,0.1,19.2,0.9,75.4,0.4,1.8,0.6,0.1,1.0,1
56,3.0,45.6,0.0,0.0,0.7,65.5,0.5,1.1,0.6,0.2,0.8,1
67,3.6,38.8,0.4,29.2,0.5,75.6,0.1,1.4,0.4,0.1,1.0,0
50,2.6,38.0,0.0,14.3,0.5,65.9,0.3,1.6,0.7,0.1,1.0,1
45,2.2,47.5,0.0,0.0,0.5,75.0,0.7,0.3,0.2,0.2,0.6,1
38,3.8,36.8,0.2,22.2,0.5,82.6,0.3,0.7,0.3,0.1,0.6,0
42,2.3,43.9,0.0,0.0,0.7,52.5,0.9,0.3,0.1,0.1,0.8,0
54,2.8,45.6,0.1,18.8,0.6,74.4,0.7,0.6,0.2,0.1,0.5,0
35,4.5,39.2,0.1,20.0,0.4,53.6,0.6,0.6,0.4,0.2,0.8,0
37,2.6,44.3,0.1,18.2,0.5,81.0,0.4,0.3,0.2,0.1,0.5,0
46,2.5,43.1,0.2,27.0,0.2,52.6,0.4,0.5,0.2,0.0,0.3,0
51,2.2,38.4,0.3,43.3,0.3,83.3,0.3,0.3,0.1,0.0,0.3,0
40,1.8,38.0,0.0,0.0,0.9,75.6,0.5,0.3,0.1,0.1,0.5,0
19,1.9,37.8,0.0,0.0,0.2,37.5,0.6,0.4,0.3,0.2,0.3,0
36,1.4,35.3,0.1,11.8,0.3,66.7,0.2,0.6,0.1,0.0,0.5,0
79,16.5,42.2,0.0,27.3,4.1,73.6,2.4,4.0,1.4,1.1,2.9,1
55,3.9,30.4,0.4,20.4,0.6,74.5,0.4,0.5,0.7,0.1,0.7,0
74,14.9,46.7,0.2,34.2,4.4,73.1,3.6,2.2,1.0,1.3,2.9,1
64,11.3,40.6,1.1,36.5,4.0,77.0,0.8,4.0,1.3,0.2,2.5,0
82,14.4,42.5,1.5,37.4,1.9,75.0,0.8,1.6,0.8,0.3,1.6,1
82,7.0,45.0,0.0,7.7,0.8,71.1,1.3,6.4,2.0,0.2,2.2,1
81,4.7,51.2,0.0,0.0,2.2,72.2,3.4,0.3,0.6,1.5,0.9,1
76,10.2,44.1,0.1,13.3,3.0,78.2,1.5,1.4,0.9,0.3,1.9,1
82,7.5,46.4,0.1,20.6,1.7,87.3,0.5,4.2,1.0,0.2,1.7,0
82,7.5,46.4,0.1,20.6,1.7,87.3,0.5,4.2,1.0,0.2,1.7,1
49,2.0,32.7,0.1,21.4,0.5,64.9,0.2,1.7,0.5,0.1,0.6,0
49,2.0,32.7,0.1,21.4,0.5,64.9,0.2,1.7,0.5,0.1,0.6,1
82,10.2,45.0,0.0,14.3,1.9,83.5,1.3,3.7,1.3,0.5,2.0,1
76,5.4,50.8,0.0,0.0,1.4,63.6,1.9,0.9,0.6,1.9,1.3,1
67,15.1,41.3,0.4,24.0,1.3,85.7,0.5,3.1,0.8,0.1,1.6,1
70,8.2,43.9,0.0,9.7,1.6,70.7,0.9,2.5,0.4,0.2,1.6,0
81,7.9,42.8,0.3,29.9,1.5,81.6,1.2,1.8,0.5,0.3,1.5,1
33,4.8,49.7,0.1,40.0,2.3,84.3,1.4,1.4,0.6,0.3,0.9,1
58,4.9,41.7,0.0,0.0,1.2,55.0,2.3,0.4,0.6,1.2,0.9,0
70,7.2,41.9,0.1,25.0,1.1,79.6,0.5,1.3,0.3,0.1,1.0,0
82,4.8,41.2,0.1,17.6,0.9,74.7,0.7,2.8,0.8,0.1,1.2,1
62,6.7,38.0,0.3,29.2,1.5,77.3,0.7,1.2,0.5,0.1,1.2,0
78,6.0,42.5,0.0,0.0,1.1,67.2,1.5,0.4,0.2,0.3,1.4,0
73,4.9,48.7,0.0,0.0,0.7,66.2,1.7,0.5,0.3,0.3,0.7,1
74,4.0,49.2,0.0,0.0,1.3,63.2,2.1,0.3,0.5,0.4,1.0,1
76,6.8,42.1,0.2,29.8,0.8,63.0,1.5,0.8,0.6,0.3,0.9,0
55,5.2,46.5,0.0,0.0,0.9,71.2,1.5,0.6,0.6,0.5,0.8,1
47,5.1,44.6,0.0,18.2,1.0,58.8,0.4,2.8,0.7,0.2,1.6,0
37,6.9,44.1,0.6,40.0,1.4,72.2,0.7,0.9,0.4,0.1,1.0,1
62,3.7,46.5,0.0,0.0,0.9,64.4,0.8,0.6,0.2,0.2,1.0,0
62,3.7,38.4,0.1,16.1,1.0,80.5,0.3,1.3,0.5,0.1,0.9,0
51,6.7,43.8,0.0,11.8,1.0,68.4,1.1,0.8,0.6,0.2,0.8,0
36,4.2,41.3,0.0,0.0,0.4,55.6,0.8,1.0,0.4,0.0,0.8,1
74,3.1,41.6,0.0,25.0,0.6,65.2,0.8,0.7,0.5,0.2,0.3,1
63,6.7,48.7,0.0,16.7,1.7,66.3,1.2,0.6,0.3,0.1,1.1,1
33,2.7,34.8,0.1,27.3,0.3,64.3,0.2,0.8,0.5,0.2,0.3,0
54,3.9,46.0,0.0,0.0,0.8,68.9,1.0,0.7,0.2,0.4,0.8,1
73,3.7,40.8,0.1,27.8,0.7,73.2,0.2,1.2,0.5,0.1,0.7,0
15,3.1,40.4,0.0,0.0,1.1,66.7,0.8,0.2,0.3,0.3,0.7,0
64,3.4,44.1,0.0,0.0,0.6,70.2,0.4,2.1,0.4,0.2,1.1,1
56,3.4,41.5,0.0,0.0,0.6,80.0,0.3,1.9,0.5,0.1,0.8,0
64,3.0,39.1,0.0,0.0,0.9,69.6,0.4,1.0,0.3,0.1,0.8,0
68,2.8,41.8,0.3,33.3,0.6,90.5,0.2,1.9,0.5,0.0,0.6,1
47,2.6,40.3,0.3,37.5,0.5,75.8,0.7,0.7,0.3,0.0,0.5,0
52,3.1,44.7,0.0,50.0,0.7,66.1,0.8,0.3,0.2,0.1,0.8,1
64,3.8,40.0,0.1,40.0,0.5,77.8,0.5,0.4,0.3,0.2,0.5,0
34,3.5,36.7,0.0,0.0,0.4,44.4,0.8,0.5,0.1,0.1,0.7,0
42,3.7,43.9,0.0,0.0,0.5,55.0,0.7,0.4,0.1,0.7,0.8,1
50,4.2,45.8,0.1,15.8,0.6,84.8,0.4,0.7,0.2,0.0,1.0,1
52,2.4,45.5,0.0,0.0,0.6,65.3,0.8,0.2,0.2,0.7,0.3,1
75,2.4,52.0,0.0,0.0,0.5,68.0,0.7,0.4,0.1,0.4,0.6,0
39,2.1,42.0,0.2,24.0,0.3,48.0,0.8,0.5,0.4,0.3,0.3,1
51,2.0,51.0,0.0,50.0,0.4,71.4,0.8,0.3,0.2,0.3,0.5,1
52,1.4,37.3,0.0,0.0,0.2,54.5,0.8,0.1,0.1,0.1,0.1,0
39,1.0,51.3,0.0,0.0,0.5,90.5,0.5,0.2,0.1,0.1,0.1,1
82,15.9,53.1,0.0,0.0,7.5,73.2,3.7,2.0,1.7,3.9,3.1,1
31,3.3,35.3,0.5,25.8,0.5,55.2,0.3,0.4,0.3,0.1,0.2,0
79,12.5,47.1,0.3,27.4,2.7,76.4,0.7,8.7,2.1,0.1,3.3,0
79,12.5,47.1,0.3,27.4,2.7,76.4,0.7,8.7,2.1,0.1,3.3,1
82,9.9,44.0,0.0,0.0,2.3,66.4,2.4,1.2,1.1,0.7,2.1,1
82,11.3,46.1,0.3,27.7,0.8,58.9,0.7,6.8,1.6,0.3,1.7,1
81,11.6,49.4,0.1,16.1,2.8,68.7,0.9,7.6,1.8,0.1,3.0,1
80,10.4,44.6,0.0,0.0,3.4,76.8,2.3,1.1,0.8,0.7,1.2,1
77,13.9,43.9,0.2,24.6,1.2,73.4,1.3,1.8,0.9,0.3,1.5,1
77,13.9,43.9,0.2,24.6,1.2,73.4,1.3,1.8,0.9,0.3,1.5,0
50,11.4,37.1,0.4,22.5,1.3,77.8,0.8,4.2,1.6,0.3,2.2,1
81,8.0,48.1,0.0,11.1,2.3,86.6,1.6,1.9,0.6,0.2,1.4,1
82,6.9,50.7,0.1,30.0,1.8,71.9,0.8,1.8,0.9,0.4,1.9,1
50,3.3,44.9,0.0,13.3,0.6,57.4,0.9,0.3,0.2,0.4,0.4,0
81,9.3,49.4,0.0,5.9,2.3,70.5,1.3,1.5,0.8,0.4,1.7,1
82,6.5,50.4,0.0,0.0,2.4,72.7,2.1,1.1,0.5,0.7,1.4,1
81,9.1,40.5,1.2,39.9,1.1,80.9,0.4,2.5,0.7,0.0,1.5,1
69,6.0,41.1,0.0,13.3,1.3,70.5,1.1,0.6,0.6,0.2,0.7,0
82,9.2,39.7,0.1,27.3,1.7,55.0,1.3,0.9,0.7,0.7,1.6,1
55,5.2,47.9,0.0,0.0,1.2,66.7,1.5,1.0,0.4,0.2,1.1,0
75,6.0,47.0,0.0,0.0,1.7,76.2,1.1,0.7,0.4,0.3,0.9,1
72,6.5,49.7,0.0,0.0,2.3,72.2,2.6,0.6,0.3,0.2,0.7,0
79,6.5,48.6,0.0,0.0,1.6,74.7,0.6,1.5,0.7,0.2,1.2,1
25,3.0,39.5,0.2,38.5,0.7,69.2,1.1,0.2,0.2,0.4,0.4,0
81,4.8,48.5,0.0,50.0,0.9,88.5,0.2,2.5,0.6,0.1,1.0,1
63,4.2,46.6,0.0,0.0,0.9,62.1,1.5,0.4,0.4,0.4,1.1,1
81,5.2,47.9,0.0,16.7,1.4,73.6,1.8,0.3,0.6,0.9,1.3,1
61,4.8,43.7,0.0,0.0,1.0,64.3,1.0,0.8,0.2,0.2,0.8,1
43,5.0,40.6,0.1,14.3,0.4,68.0,0.2,1.9,0.3,0.1,0.8,0
55,4.6,36.9,0.0,7.1,0.9,56.2,1.4,0.4,0.4,0.1,0.8,1
59,2.9,54.7,0.0,25.0,0.9,67.1,0.7,0.6,0.6,0.2,0.5,0
66,3.9,45.9,0.0,0.0,2.3,77.7,1.0,0.7,0.5,0.1,1.2,1
70,15.1,40.5,0.8,26.4,3.7,70.3,1.4,6.3,1.9,0.6,3.5,0
77,3.4,42.9,0.2,28.6,0.5,66.0,0.2,2.3,0.3,0.0,1.1,0
37,4.4,29.8,0.2,23.3,1.2,69.4,0.2,1.8,0.5,0.1,1.4,0
67,3.2,38.4,0.0,18.8,0.6,66.1,0.2,2.5,0.5,0.0,1.1,1
42,2.0,43.0,0.0,0.0,0.2,50.0,1.0,0.5,0.2,0.3,0.4,0
50,4.1,47.3,0.1,35.7,1.2,67.0,0.6,0.9,0.6,0.0,0.8,0
65,4.4,47.6,0.0,7.1,0.8,82.8,0.6,1.2,0.1,0.0,0.8,0
65,4.4,47.6,0.0,7.1,0.8,82.8,0.6,1.2,0.1,0.0,0.8,1
82,5.0,54.2,0.0,0.0,1.5,48.5,2.1,0.8,0.7,0.6,1.3,0
82,5.0,54.2,0.0,0.0,1.5,48.5,2.1,0.8,0.7,0.6,1.3,1
44,3.3,31.3,0.3,32.5,0.3,78.9,0.3,1.0,0.4,0.1,0.8,1
36,3.4,47.5,0.0,0.0,1.1,61.5,0.6,0.6,0.5,0.2,0.7,0
60,2.2,44.4,0.0,0.0,0.9,69.7,0.2,1.7,0.6,0.1,0.6,1
60,2.2,44.4,0.0,0.0,0.9,69.7,0.2,1.7,0.6,0.1,0.6,1
60,2.2,44.4,0.0,0.0,0.9,69.7,0.2,1.7,0.6,0.1,0.6,0
71,12.4,49.5,0.0,0.0,4.0,72.5,2.4,1.5,1.0,1.3,2.1,1
71,12.4,49.5,0.0,0.0,4.0,72.5,2.4,1.5,1.0,1.3,2.1,1
71,12.4,49.5,0.0,0.0,4.0,72.5,2.4,1.5,1.0,1.3,2.1,0
34,3.7,39.2,0.4,31.9,0.2,54.5,0.4,0.6,0.3,0.2,0.8,1
34,3.7,39.2,0.4,31.9,0.2,54.5,0.4,0.6,0.3,0.2,0.8,1
34,3.7,39.2,0.4,31.9,0.2,54.5,0.4,0.6,0.3,0.2,0.8,0
45,3.6,49.4,0.0,0.0,0.9,60.9,1.3,0.4,0.2,0.1,0.9,0
70,12.8,38.0,1.6,33.0,1.5,90.3,0.5,5.7,0.6,0.1,1.9,0
57,2.0,36.8,0.1,25.0,0.4,61.5,0.4,0.4,0.3,0.1,0.4,0
52,2.6,39.3,0.1,27.3,0.5,81.3,0.5,0.3,0.2,0.1,0.6,1
51,1.5,55.3,0.0,0.0,0.3,46.4,0.7,0.1,0.2,0.3,0.6,1
35,3.1,43.5,0.1,40.0,0.5,88.9,0.3,0.3,0.2,0.2,0.6,0
48,1.8,23.8,0.0,16.7,0.3,76.5,0.2,1.3,0.3,0.0,0.5,0
21,0.9,33.3,0.0,0.0,0.1,50.0,0.2,0.1,0.1,0.3,0.1,0
36,1.9,33.8,0.1,28.6,0.7,80.0,0.2,0.3,0.1,0.0,0.6,0
21,2.3,37.5,0.0,25.0,0.4,69.2,0.6,0.0,0.1,0.4,0.3,0
79,17.5,46.8,0.4,36.7,5.2,81.0,2.0,4.2,1.0,0.2,3.4,1
81,15.9,49.8,0.0,19.0,2.8,77.5,1.9,4.6,1.9,0.8,3.2,1
80,11.7,41.9,0.9,32.7,3.1,78.0,0.5,4.1,1.6,0.5,3.2,0
79,12.3,45.5,0.9,42.8,3.1,83.1,0.6,3.0,1.5,0.5,2.0,1
79,14.0,42.5,0.1,27.0,1.8,74.6,1.1,4.4,1.8,0.3,3.1,1
82,8.4,48.6,0.0,0.0,3.7,74.9,2.9,1.8,1.5,0.6,2.5,1
75,16.9,41.4,0.8,31.4,2.1,79.5,1.0,2.3,0.9,0.3,1.5,1
82,8.4,43.3,0.0,0.0,1.3,82.6,1.5,5.8,0.9,0.3,2.3,1
76,11.9,45.7,0.8,36.6,2.4,71.7,2.5,1.6,1.3,0.8,2.5,1
71,11.7,43.5,0.1,22.7,1.7,73.5,1.1,7.1,2.0,0.1,3.6,1
79,10.5,43.2,0.4,24.8,2.3,74.5,0.6,3.8,1.1,0.1,2.3,1
82,8.3,37.6,1.2,32.0,1.4,80.4,0.6,1.0,0.6,0.2,1.2,0
54,8.0,41.9,0.5,32.9,1.4,61.4,1.1,2.4,1.2,0.3,0.9,1
55,7.2,42.0,0.0,25.0,1.9,67.3,2.1,2.1,0.7,0.5,1.9,0
64,8.9,45.0,1.0,40.6,2.0,78.9,0.9,1.3,0.6,0.3,1.3,0
71,5.1,49.0,0.0,0.0,1.4,80.3,0.5,3.4,1.1,0.1,1.6,0
36,4.9,41.7,0.0,14.3,1.6,69.5,1.2,4.3,1.2,0.1,2.3,0
65,5.8,50.1,0.0,0.0,1.5,57.1,1.8,1.0,1.0,0.3,1.2,0
80,6.3,47.5,0.1,30.0,1.1,85.0,0.6,2.6,0.8,0.2,1.0,1
32,6.6,46.7,0.1,20.0,0.6,69.2,0.3,3.7,0.8,0.1,1.7,0
81,7.8,43.7,0.1,20.8,2.4,78.3,1.4,1.0,0.6,0.1,1.7,0
80,9.2,43.4,0.1,22.5,3.4,78.6,1.3,1.5,0.5,0.1,1.6,1
71,5.5,46.4,0.0,0.0,0.5,59.6,1.1,1.1,0.5,0.4,0.4,1
81,7.0,46.7,0.2,32.2,2.1,74.5,0.6,3.9,1.2,0.0,1.8,1
82,4.5,42.0,0.7,35.9,0.7,88.4,0.2,3.7,0.8,0.0,0.8,1
24,4.0,44.3,0.0,0.0,1.5,57.8,0.8,0.9,0.7,0.1,1.4,0
65,3.8,48.8,0.0,0.0,1.8,68.9,1.5,0.3,0.2,0.2,0.7,0
56,4.4,48.6,0.0,0.0,0.7,58.0,1.2,0.6,0.4,0.1,0.7,1
36,1.6,43.1,0.0,0.0,0.3,69.2,0.7,0.2,0.1,0.1,0.3,1
51,4.1,44.5,0.0,0.0,1.1,72.5,0.6,0.8,0.4,0.3,0.9,0
75,2.9,54.5,0.0,0.0,1.1,69.9,0.6,0.2,0.1,0.3,0.9,1
54,4.7,42.6,0.0,0.0,0.8,38.4,1.6,1.1,0.4,0.1,0.9,1
62,3.2,53.7,0.0,25.0,0.6,61.5,1.0,0.3,0.3,0.5,0.6,1
82,1.6,30.1,0.0,7.1,0.7,78.1,0.3,2.6,0.3,0.1,1.1,1
53,2.3,36.6,0.2,29.4,0.3,60.9,0.1,2.2,0.5,0.1,1.0,0
47,2.6,40.2,0.0,16.7,0.7,83.3,0.3,2.3,0.5,0.2,1.3,0
36,3.5,40.8,0.3,38.5,0.9,65.4,0.4,0.8,0.6,0.1,1.1,1
62,1.9,51.3,0.0,0.0,0.6,65.0,0.9,0.1,0.3,0.8,0.5,1
37,2.8,49.0,0.0,0.0,0.8,67.4,0.5,0.5,0.5,0.2,0.5,0
60,2.8,49.4,0.0,0.0,0.4,50.0,0.8,0.4,0.3,0.3,0.5,1
51,2.2,40.4,0.1,25.0,0.3,81.3,0.3,1.5,0.5,0.1,0.7,1
42,4.1,43.0,0.0,10.0,0.5,69.0,0.5,0.5,0.3,0.1,0.5,1
33,3.1,48.0,0.0,10.0,0.8,82.4,0.5,0.4,0.4,0.1,0.4,1
33,3.1,48.0,0.0,10.0,0.8,82.4,0.5,0.4,0.4,0.1,0.4,0
57,2.6,36.9,0.1,30.8,1.3,63.8,1.0,0.8,0.7,0.4,1.2,1
57,2.6,36.9,0.1,30.8,1.3,63.8,1.0,0.8,0.7,0.4,1.2,0
24,5.1,41.8,0.4,24.4,0.6,60.0,0.3,0.8,1.0,0.4,1.1,0
77,4.8,46.0,0.9,40.1,0.7,71.2,0.9,0.9,0.7,0.2,0.8,0
72,2.0,41.5,0.0,0.0,0.8,73.8,0.7,0.6,0.3,0.0,0.5,0
49,2.6,36.4,0.0,22.2,0.6,66.0,0.2,1.4,0.3,0.1,0.9,1
46,2.7,50.4,0.0,40.0,0.5,70.6,0.6,0.4,0.3,0.1,0.7,0
43,1.9,34.9,0.0,11.1,0.2,56.3,0.3,1.7,0.5,0.1,0.4,1
35,2.1,31.9,0.1,20.0,0.5,77.3,0.3,1.1,0.3,0.1,0.8,0
51,1.5,47.4,0.0,0.0,0.7,78.3,0.4,0.2,0.2,0.0,0.5,1
41,2.0,42.2,0.0,0.0,0.7,68.2,0.5,0.2,0.2,0.1,0.3,1
82,12.4,43.2,0.4,25.4,2.5,77.4,1.5,10.6,2.5,0.1,3.1,1
61,11.4,47.7,0.2,30.8,2.7,81.9,0.7,7.1,1.5,0.1,3.0,1
58,6.7,43.7,0.3,29.0,1.0,65.6,0.6,3.2,0.6,0.3,1.0,0
55,13.1,47.5,0.0,0.0,2.4,67.9,2.4,1.3,1.1,0.5,2.2,1
67,11.6,43.9,0.2,33.3,2.1,87.9,1.0,6.4,1.7,0.1,2.5,1
42,8.0,40.7,0.1,20.0,1.1,83.3,1.2,2.3,0.9,0.4,1.8,1
35,12.2,35.6,0.4,22.4,1.4,72.7,1.6,1.7,0.8,0.6,1.8,1
35,12.2,35.6,0.4,22.4,1.4,72.7,1.6,1.7,0.8,0.6,1.8,1
82,9.2,50.1,0.0,20.0,2.4,60.4,2.0,1.0,0.7,1.5,1.7,1
80,7.5,46.1,0.1,20.8,2.2,83.9,0.5,5.5,1.3,0.3,1.8,1
81,6.3,50.1,0.0,0.0,1.4,62.6,1.9,1.1,0.6,0.7,1.1,1
82,7.6,48.8,0.7,35.5,1.8,80.1,1.2,1.6,0.7,0.2,1.2,1
61,9.0,40.4,0.2,26.7,2.1,74.0,1.0,1.9,0.9,0.4,1.9,1
66,7.6,48.2,0.0,0.0,1.3,51.2,1.5,1.2,0.7,0.5,1.6,1
59,6.3,42.3,0.8,33.8,1.9,81.5,0.7,1.6,0.5,0.8,0.8,0
79,7.1,46.3,0.1,17.4,1.3,57.6,1.5,2.1,1.1,0.7,1.7,1
82,6.3,49.1,0.1,36.7,2.1,77.2,1.4,1.3,0.8,0.8,1.3,1
79,5.4,39.0,0.0,18.8,0.7,78.4,0.4,5.1,1.6,0.0,1.3,1
78,7.2,42.8,0.0,0.0,1.9,72.5,1.2,1.4,0.7,0.3,1.4,1
24,4.6,39.1,0.4,38.5,1.2,72.5,0.1,2.9,1.0,0.1,1.0,0
39,4.7,45.9,0.0,0.0,1.4,87.1,1.5,0.8,0.3,0.1,0.9,1
75,4.8,43.0,0.0,0.0,1.4,70.7,0.7,0.9,0.5,0.9,1.6,0
79,2.6,53.2,0.0,0.0,0.9,64.0,1.3,0.5,0.4,0.3,0.7,1
58,2.9,37.4,0.1,24.0,0.4,71.9,0.3,3.1,0.3,0.1,1.0,0
49,5.1,44.6,0.0,0.0,0.8,72.2,0.2,1.2,0.4,0.0,1.0,0
70,3.5,49.6,0.0,23.1,0.7,80.6,0.7,0.7,0.3,0.6,0.8,1
40,3.7,42.2,0.1,20.0,0.7,89.7,0.1,1.5,0.1,0.1,0.6,0
55,2.5,47.4,0.0,0.0,0.7,56.3,1.3,0.4,0.2,0.3,0.6,1
59,2.2,47.0,0.0,0.0,0.4,73.5,0.3,1.7,0.6,0.0,0.9,0
44,2.5,40.4,0.0,0.0,0.4,81.0,0.1,2.0,0.4,0.0,0.9,0
49,3.9,46.6,0.0,0.0,0.8,70.2,0.6,0.5,0.3,0.3,0.6,1
44,1.2,38.5,0.0,0.0,0.2,44.4,0.5,0.4,0.2,0.3,0.5,0
41,1.9,36.7,0.0,0.0,0.5,66.7,0.6,0.5,0.1,0.3,0.6,0
36,1.3,37.5,0.1,28.6,0.2,61.5,0.1,0.6,0.2,0.0,0.5,1
45,6.7,37.7,0.5,37.3,0.7,74.4,0.4,2.7,0.5,0.2,0.9,0
50,1.7,31.0,0.0,0.0,0.6,60.4,0.3,0.3,0.3,0.1,0.4,0
82,19.7,45.5,0.2,21.3,4.7,68.4,2.1,4.8,2.5,1.0,4.2,1
82,16.6,46.8,0.6,35.5,2.7,74.7,2.0,3.6,1.1,0.2,2.6,1
80,11.2,48.5,0.0,0.0,3.7,74.5,2.8,1.9,0.7,2.1,1.7,1
80,11.3,53.8,0.0,0.0,3.5,69.6,1.9,3.8,0.6,0.8,3.1,1
71,4.2,47.5,0.0,0.0,1.2,61.7,1.4,8.2,1.8,0.6,2.2,1
68,8.5,49.1,0.0,0.0,2.1,75.7,1.7,1.1,0.7,0.7,1.1,1
63,12.2,53.1,0.0,0.0,3.0,64.9,2.2,1.7,0.6,0.6,2.4,0
78,8.0,45.4,0.1,22.2,1.8,64.6,1.7,2.4,1.6,0.4,1.6,1
80,5.8,39.6,0.7,31.9,0.6,77.0,0.5,0.7,0.9,0.1,0.3,0
80,7.6,45.5,0.0,20.0,1.6,72.8,1.9,1.3,0.6,0.8,1.1,1
77,7.8,43.0,0.2,25.0,1.9,74.1,0.9,2.0,1.2,0.3,1.7,1
81,9.4,43.7,0.2,29.8,1.9,80.1,0.7,3.6,0.8,0.0,1.5,1
50,7.2,39.7,0.0,0.0,1.0,58.1,1.6,1.1,0.4,0.7,1.7,1
80,4.4,45.4,0.2,27.9,1.2,77.7,0.5,4.5,0.9,0.1,1.9,1
75,6.7,46.7,0.0,33.3,1.3,67.6,2.4,0.7,0.8,1.1,1.4,1
67,6.3,40.8,0.3,32.9,1.4,83.3,0.5,3.0,0.6,0.1,1.6,1
82,3.5,56.2,0.0,0.0,1.3,61.4,1.3,0.7,0.5,1.5,0.9,1
64,6.9,49.0,0.0,22.2,1.0,66.3,1.1,1.2,0.3,0.4,0.9,1
68,4.6,58.1,0.0,0.0,1.3,72.7,1.5,0.5,0.5,0.5,1.4,1
77,5.1,54.5,0.0,0.0,1.0,58.7,2.1,0.7,0.5,0.6,1.2,1
68,5.5,45.6,0.0,8.3,1.6,74.3,1.1,1.3,0.3,0.2,1.0,1
77,4.0,47.6,0.0,0.0,1.4,63.2,1.1,0.5,0.3,0.4,1.1,1
66,3.1,47.1,0.0,0.0,1.4,69.3,1.1,0.8,0.6,0.2,0.7,1
67,4.7,42.3,0.1,25.0,0.5,72.9,1.0,1.8,0.6,0.3,0.9,0
65,4.2,47.6,0.0,0.0,1.4,68.7,1.2,0.4,0.3,0.3,1.2,1
65,5.0,41.3,0.1,35.0,0.8,76.9,0.6,1.1,0.7,0.3,0.8,0
62,3.2,52.7,0.0,0.0,0.7,63.9,1.1,0.4,0.3,0.1,0.9,1
64,4.7,45.0,0.1,23.5,1.2,70.1,0.7,1.3,0.4,0.1,0.9,0
59,4.4,54.4,0.0,0.0,0.8,64.9,1.2,1.0,0.3,0.5,1.0,1
70,4.3,65.9,0.0,0.0,1.7,62.6,1.4,0.9,0.7,0.8,1.1,0
62,5.3,44.1,0.3,32.0,0.8,79.7,0.7,0.7,0.4,0.1,0.9,1
35,4.1,39.3,0.0,0.0,0.5,35.3,1.0,0.5,0.2,0.2,1.1,0
42,3.6,38.0,0.1,33.3,0.5,75.0,0.3,1.0,0.6,0.1,0.7,0
59,4.7,41.1,0.0,4.5,1.1,86.8,0.6,0.5,0.3,0.1,0.8,1
45,4.1,48.6,0.0,0.0,0.2,60.0,0.7,0.6,0.2,0.2,0.4,0
67,4.9,42.6,0.3,28.3,0.4,78.9,0.4,0.9,0.4,0.1,0.7,1
60,3.4,46.8,0.0,0.0,0.7,69.0,0.6,0.7,0.3,0.3,0.6,1
41,2.9,42.7,0.0,0.0,0.7,75.0,0.6,1.1,0.3,0.0,0.6,0
62,3.3,43.6,0.0,0.0,0.9,74.6,0.6,0.4,0.1,0.1,0.6,1
43,3.1,37.8,0.1,20.0,1.0,63.6,0.3,0.8,0.3,0.1,0.8,0
53,1.7,45.5,0.0,0.0,0.6,60.8,0.7,0.3,0.1,0.6,0.6,0
54,2.5,33.8,0.2,31.0,0.3,63.0,0.1,0.6,0.2,0.0,0.5,0
50,16.3,47.4,0.0,0.0,4.5,73.9,2.5,2.0,1.1,2.1,3.4,0
82,14.3,49.0,0.0,20.0,3.0,68.7,3.7,2.4,1.2,0.5,3.0,1
81,12.5,49.6,0.0,0.0,2.4,48.1,2.1,2.9,1.3,0.5,3.4,1
81,12.4,51.5,0.0,0.0,2.0,68.4,2.4,1.0,0.4,0.5,2.3,1
79,8.4,49.0,0.0,33.3,2.9,74.6,2.0,1.0,0.8,2.6,1.8,1
55,11.3,46.3,0.1,18.5,3.4,89.6,0.8,1.9,1.3,0.4,1.4,1
81,11.5,46.8,0.1,28.0,1.6,55.7,1.1,2.0,0.8,0.1,1.9,1
82,7.3,48.1,0.1,31.3,2.3,79.8,0.7,4.8,0.8,0.1,1.9,1
82,4.9,42.6,0.0,0.0,1.8,73.0,1.4,1.1,0.5,0.5,1.1,0
77,7.0,51.9,0.0,0.0,2.3,66.2,3.3,1.7,0.9,0.4,2.3,1
82,6.3,50.7,0.0,0.0,1.9,60.7,2.1,0.7,0.5,0.8,1.4,1
58,6.6,46.6,0.0,22.2,1.3,78.1,2.0,1.2,0.5,0.6,1.3,0
80,5.7,55.8,0.0,0.0,2.1,67.3,1.2,1.1,0.9,0.5,1.9,1
82,4.7,53.9,0.0,16.7,1.2,61.1,2.0,0.7,0.6,0.6,1.2,1
71,3.9,45.6,0.0,0.0,1.2,53.1,1.6,0.6,0.4,0.1,1.2,1
64,6.7,46.9,0.0,0.0,1.4,64.7,1.7,0.3,0.5,0.1,1.1,1
79,5.2,48.3,0.0,18.2,2.7,78.5,0.3,4.3,1.0,0.1,2.0,1
79,5.7,47.4,0.2,31.0,1.6,80.6,0.4,2.5,1.0,0.0,1.3,1
34,6.3,42.7,0.6,31.0,1.0,59.6,1.1,0.5,0.5,0.5,1.2,0
71,4.4,45.7,0.3,31.1,0.6,61.1,0.3,2.9,0.9,0.1,1.4,0
78,3.9,47.2,0.0,9.1,1.0,61.9,1.2,1.1,1.0,0.8,1.2,0
76,4.6,48.1,0.1,27.0,1.0,78.5,0.6,3.5,0.9,0.0,1.4,0
80,4.3,46.5,0.0,0.0,1.2,72.3,1.4,0.6,0.3,0.4,1.3,1
68,5.5,40.9,0.0,17.6,0.7,58.3,0.7,0.9,0.4,0.1,0.9,0
64,3.3,52.8,0.0,19.308126410835214,0.6,43.5,1.4,0.3,0.2,0.3,0.9,0
64,3.3,52.8,0.0,19.308126410835214,0.6,43.5,1.4,0.3,0.2,0.3,0.9,0
53,2.1,60.4,0.0,19.308126410835214,0.3,42.5,0.9,0.3,0.4,0.4,0.4,0
66,4.5,48.0,0.0,0.0,0.7,85.2,0.6,0.8,0.3,0.1,0.9,0
77,4.4,38.4,0.7,32.0,0.4,75.6,0.2,0.9,0.4,0.2,0.6,0
45,4.1,40.8,0.1,20.0,0.3,60.0,0.1,1.8,0.4,0.1,1.1,0
45,4.0,38.3,0.0,11.1,0.4,51.4,0.3,1.5,0.8,0.1,0.9,0
64,3.5,45.5,0.0,0.0,1.2,72.8,0.2,1.2,0.4,0.1,0.7,1
55,2.9,44.4,0.0,50.0,1.1,55.8,0.7,1.6,0.8,0.3,0.9,1
57,4.1,44.2,0.0,20.0,0.9,92.6,0.4,0.9,0.4,0.1,0.6,1
36,2.4,55.7,0.0,0.0,0.7,66.7,0.4,0.2,0.1,0.2,0.5,0
57,2.8,36.4,0.0,25.0,1.1,92.9,0.2,1.2,0.3,0.1,0.9,1
48,3.1,40.7,0.0,0.0,0.6,79.5,0.8,0.3,0.1,0.2,0.8,1
75,3.4,30.8,0.4,26.4,0.4,64.4,0.3,3.2,0.9,0.1,1.2,0
82,19.8,51.5,0.1,17.3,7.7,84.5,2.0,5.9,2.4,0.8,3.5,1
80,11.5,47.0,0.0,0.0,3.3,76.7,1.9,3.1,1.2,0.1,2.5,1
76,7.3,53.7,0.0,0.0,2.1,71.1,2.7,2.8,0.7,2.7,2.3,1
82,9.5,54.5,0.0,16.7,3.6,73.3,3.2,1.9,1.2,1.0,2.5,1
82,9.0,47.1,0.1,25.0,2.4,82.0,2.3,1.6,0.8,0.8,1.2,1
80,7.8,44.6,0.1,20.0,1.8,82.9,0.4,4.4,1.3,0.1,2.1,1
79,9.0,51.1,0.0,19.308126410835214,1.4,78.4,2.0,0.5,0.5,1.1,1.5,1
82,8.4,60.0,0.0,0.0,2.8,62.0,2.3,1.4,0.4,0.5,2.3,1
82,8.4,46.7,0.0,22.2,1.5,65.7,2.2,0.4,0.4,0.6,1.3,1
75,5.3,54.3,0.0,0.0,1.3,73.7,1.7,0.7,0.6,0.4,1.1,1
79,7.6,49.8,0.1,36.4,1.6,73.4,1.5,3.5,1.6,0.3,2.1,1
78,6.2,55.7,0.0,0.0,2.4,71.5,1.9,1.0,0.2,0.4,1.5,1
78,5.8,52.0,0.0,0.0,2.3,64.8,1.8,1.6,0.6,0.8,1.8,1
78,5.8,52.0,0.0,0.0,2.3,64.8,1.8,1.6,0.6,0.8,1.8,0
78,5.8,52.0,0.0,0.0,2.3,64.8,1.8,1.6,0.6,0.8,1.8,0
29,4.2,31.7,0.7,31.1,0.4,50.0,0.3,1.4,0.6,0.2,1.0,1
29,4.2,31.7,0.7,31.1,0.4,50.0,0.3,1.4,0.6,0.2,1.0,0
29,4.2,31.7,0.7,31.1,0.4,50.0,0.3,1.4,0.6,0.2,1.0,0
72,5.2,45.4,0.0,0.0,1.1,85.9,1.2,1.5,0.4,0.1,1.3,1
82,5.7,46.0,0.0,0.0,1.4,67.8,1.8,1.9,0.7,0.1,1.4,1
62,6.0,52.8,0.0,33.3,1.6,78.9,1.3,1.3,0.5,1.3,1.7,1
78,6.1,45.3,0.3,35.1,1.3,75.4,0.5,3.1,1.0,0.1,1.4,1
75,5.9,47.0,0.0,0.0,1.2,47.4,1.4,0.5,0.5,0.5,1.9,1
82,4.1,47.1,0.0,18.2,1.7,73.6,0.3,5.1,1.3,0.1,1.8,1
74,6.2,45.9,0.1,16.0,1.4,81.0,0.5,1.7,0.6,0.2,1.1,0
74,3.9,46.0,0.0,18.8,0.7,71.1,0.5,2.9,1.0,0.2,1.3,0
54,4.3,49.8,0.0,0.0,1.2,54.1,1.6,0.3,0.4,0.3,1.2,1
74,4.6,47.8,0.0,0.0,0.7,73.3,1.2,0.5,0.2,0.2,1.0,0
36,5.4,43.1,0.0,50.0,1.1,82.0,1.1,0.9,0.3,0.2,0.9,1
78,3.9,49.2,0.0,0.0,1.1,66.9,1.0,1.3,0.4,0.2,1.3,1
67,2.7,58.9,0.0,0.0,0.5,39.8,1.0,0.8,0.5,0.8,0.9,0
59,4.6,41.6,0.0,0.0,1.2,70.6,0.8,1.4,0.3,0.2,1.3,0
77,4.8,47.8,0.0,0.0,1.5,64.6,1.2,0.8,0.6,0.4,0.9,1
53,1.6,32.6,0.0,0.0,0.4,56.4,1.0,0.4,0.2,0.8,0.8,0
60,2.4,48.6,0.0,19.308126410835214,0.8,75.8,0.7,0.5,0.2,0.5,1.2,1
56,4.7,49.6,0.0,0.0,1.0,80.0,0.7,0.4,0.5,0.1,1.2,1
63,4.6,38.3,0.0,22.2,0.6,75.5,0.4,1.4,0.5,0.1,1.1,0
66,3.5,39.7,0.0,25.0,1.0,70.7,0.8,0.4,0.2,0.2,0.8,0
51,3.7,44.0,0.0,0.0,0.5,75.0,0.8,0.7,0.2,0.2,0.6,0
60,4.0,36.7,0.0,0.0,0.5,50.9,0.7,0.4,0.4,0.1,0.7,0
59,3.6,37.3,0.0,0.0,0.7,76.5,0.6,0.9,0.5,0.2,0.6,1
51,3.8,48.2,0.0,0.0,0.8,64.2,0.6,0.3,0.2,0.3,0.7,0
47,4.0,38.3,0.0,0.0,1.1,68.8,0.2,0.4,0.5,0.1,0.7,0
38,3.5,37.3,0.1,13.3,0.5,69.2,0.1,1.2,0.2,0.0,0.7,1
43,2.2,41.5,0.0,0.0,0.3,52.0,0.6,0.6,0.2,0.1,0.4,0
39,1.3,41.2,0.0,19.308126410835214,0.3,50.0,0.5,0.3,0.2,0.3,0.4,0
39,3.2,41.9,0.1,36.4,0.5,67.7,0.4,0.7,0.1,0.1,0.8,0
38,1.8,38.8,0.0,0.0,0.4,88.2,0.2,0.7,0.1,0.0,0.5,1
82,16.7,52.3,0.0,25.0,3.5,66.1,3.6,2.0,0.8,2.4,3.6,1
81,10.1,48.0,0.0,18.8,2.3,75.3,1.4,2.1,0.9,0.8,2.0,1
80,7.0,46.9,0.0,0.0,1.8,73.0,0.8,8.3,1.5,0.2,3.4,1
79,8.5,49.9,0.0,25.0,2.3,73.1,2.2,2.2,0.7,0.7,1.5,1
52,4.3,35.6,0.3,24.5,0.8,63.8,0.9,0.3,0.4,0.1,0.9,1
82,10.9,44.8,0.1,24.1,2.6,74.2,1.7,2.3,1.3,0.1,1.7,1
81,7.3,51.2,0.0,0.0,1.1,75.2,1.4,1.6,0.5,1.5,1.3,1
81,11.3,44.4,0.3,32.4,1.8,82.6,0.7,1.9,0.3,0.2,1.4,1
81,6.7,46.2,0.0,16.7,3.1,78.5,0.9,3.9,1.6,0.4,2.1,1
80,4.6,49.6,0.0,0.0,0.9,59.0,2.2,0.9,0.4,1.8,1.4,1
74,9.3,48.4,0.1,23.5,1.5,80.6,0.7,2.4,1.1,0.3,1.6,1
82,8.1,46.7,0.1,23.1,1.4,77.2,1.5,1.5,0.8,0.5,0.9,0
82,5.5,44.3,0.0,11.5,0.8,67.3,0.6,2.9,1.2,0.3,1.4,1
79,5.1,53.6,0.0,25.0,1.8,83.7,1.3,1.2,0.7,0.5,1.3,1
80,7.3,44.8,0.3,26.2,1.5,78.7,0.5,2.2,0.7,0.1,1.4,0
31,2.7,45.8,0.0,0.0,0.7,65.6,1.2,0.2,0.2,0.7,0.6,0
73,6.7,44.5,0.1,24.3,0.9,88.9,0.3,3.3,0.4,0.0,1.1,1
82,6.8,45.1,0.0,25.0,1.5,72.8,1.4,1.9,1.3,0.3,1.5,1
72,5.6,46.4,0.0,9.1,1.1,72.7,0.8,1.8,0.8,0.1,1.0,0
82,6.3,41.7,0.0,26.7,2.5,79.1,0.9,3.5,1.6,0.2,2.4,1
78,3.3,41.3,0.0,11.1,1.4,77.7,0.4,3.4,1.2,0.1,1.4,0
67,7.4,45.6,0.2,41.4,1.3,71.9,1.6,0.8,0.6,0.1,1.2,1
75,5.4,44.1,0.0,0.0,1.3,71.4,1.2,2.3,0.5,0.2,1.3,1
78,4.1,50.3,0.0,40.0,0.4,60.9,0.2,0.9,0.2,0.0,0.4,1
49,4.7,43.9,0.0,0.0,1.1,71.4,1.2,0.5,0.4,0.3,1.2,1
78,3.1,51.7,0.0,0.0,0.4,60.8,0.8,0.8,0.3,1.1,0.8,1
38,4.7,41.6,0.8,37.5,0.6,67.6,0.2,0.7,0.4,0.1,0.9,0
55,5.7,45.9,0.1,26.3,0.9,77.0,0.7,1.3,0.3,0.1,0.8,0
40,5.4,50.9,0.0,0.0,1.0,85.1,0.5,1.2,0.5,0.0,0.8,0
47,2.6,38.8,0.0,0.0,0.7,70.0,1.0,0.9,0.2,0.4,0.7,0
45,3.3,41.9,0.0,12.5,0.5,82.1,0.4,0.9,0.3,0.0,0.7,1
49,2.8,44.5,0.1,18.2,0.3,61.5,0.1,3.0,0.2,0.0,0.7,1
48,3.4,49.7,0.0,0.0,1.2,61.5,0.4,0.8,0.5,0.4,1.0,0
39,2.3,54.4,0.0,0.0,0.5,53.8,1.0,0.5,0.5,0.3,0.5,0
57,3.1,38.4,0.0,0.0,0.6,69.6,0.8,0.3,0.2,0.7,0.6,1
57,2.2,39.7,0.1,23.1,0.3,78.3,0.4,0.8,0.4,0.0,0.4,1
33,4.1,37.3,0.3,29.0,0.8,62.5,0.4,2.4,1.0,0.3,1.2,0
53,3.3,37.9,0.6,36.0,0.3,93.8,0.7,0.4,0.3,0.0,0.2,0
15,2.5,27.0,0.0,0.0,0.5,66.7,0.5,0.5,0.1,0.1,1.0,0
45,2.5,57.1,0.0,0.0,0.8,41.8,0.8,0.5,0.3,0.2,0.4,0
55,2.6,44.8,0.0,0.0,0.3,64.3,0.2,0.8,0.3,0.1,0.6,1
35,1.9,45.5,0.0,0.0,0.1,31.3,0.8,0.2,0.0,0.1,0.6,1
70,18.7,52.3,0.0,0.0,4.2,70.9,4.3,2.5,1.8,0.9,2.9,1
81,17.5,47.9,0.0,22.2,3.2,74.1,4.2,2.8,1.7,0.5,2.7,1
76,13.3,46.6,0.1,20.0,2.7,73.0,1.1,3.7,0.9,0.1,2.7,1
82,8.5,44.8,0.2,31.7,2.5,79.2,1.9,2.1,0.8,0.8,1.6,1
76,9.3,45.2,0.3,22.2,1.2,72.3,0.7,3.6,1.1,0.1,2.1,1
58,2.2,53.5,0.0,0.0,0.9,71.2,0.8,0.4,0.3,0.9,0.3,0
77,10.0,57.9,0.0,25.0,1.8,62.4,2.0,1.7,1.2,0.8,2.3,1
78,8.3,46.2,0.2,46.7,0.6,67.2,1.0,2.5,0.7,0.1,0.9,1
73,10.6,42.8,0.1,34.5,1.2,69.6,1.0,2.1,0.7,0.3,1.9,1
80,4.4,46.2,0.0,0.0,1.0,69.0,1.5,1.0,0.4,0.6,1.7,1
82,3.0,59.5,0.0,0.0,0.9,61.4,2.1,0.8,0.8,0.1,0.6,1
74,6.3,40.8,0.0,13.3,1.8,75.3,0.5,4.9,1.2,0.2,2.5,0
82,7.0,48.7,0.0,12.5,2.4,81.0,0.4,2.6,0.6,0.0,1.9,0
79,5.9,45.7,0.0,11.1,1.3,59.7,1.1,2.6,1.3,0.6,2.0,1
51,2.5,42.2,0.0,20.0,0.7,64.2,0.7,0.5,0.5,0.2,0.7,0
75,4.0,47.9,0.0,0.0,1.1,69.9,0.9,3.4,1.6,0.1,1.3,1
81,4.4,41.4,0.0,0.0,0.7,65.6,1.1,1.4,0.3,3.4,1.7,1
75,4.3,53.3,0.0,0.0,1.7,74.1,1.9,1.4,0.6,0.9,1.1,0
44,3.6,40.0,0.0,0.0,0.7,65.2,0.6,2.5,0.9,0.3,1.4,0
77,5.2,43.1,0.7,34.4,1.0,72.8,0.7,0.8,0.6,0.2,0.6,0
43,4.0,38.0,0.0,0.0,1.0,73.7,0.3,2.9,0.5,0.2,1.6,0
76,6.9,42.9,0.1,40.0,2.0,83.3,0.7,1.8,0.8,0.2,1.4,1
78,5.5,40.4,0.1,36.8,0.6,69.6,1.4,1.5,0.7,0.3,1.2,1
77,5.6,47.6,0.0,25.0,0.8,73.5,1.2,0.8,0.3,0.3,1.1,0
68,5.5,43.2,0.0,0.0,0.9,76.2,0.3,2.5,0.8,0.1,1.7,1
52,3.2,45.5,0.1,13.9,0.7,67.3,0.5,0.4,0.4,0.2,0.8,0
62,4.4,48.5,0.0,0.0,1.4,57.1,1.7,0.8,0.4,0.6,1.2,1
71,4.0,51.2,0.0,0.0,1.3,65.0,1.9,0.5,0.6,0.9,1.4,1
53,3.9,53.4,0.0,0.0,0.8,77.4,1.3,0.9,0.4,0.2,0.8,0
44,3.1,31.4,0.0,0.0,0.8,78.3,0.9,0.8,0.3,0.2,0.7,0
68,2.7,36.4,0.0,11.1,0.7,81.0,0.3,1.9,0.2,0.0,1.4,0
68,2.7,36.4,0.0,11.1,0.7,81.0,0.3,1.9,0.2,0.0,1.4,1
49,3.5,43.5,0.0,14.3,0.9,57.7,0.6,0.7,0.4,0.1,1.0,1
54,3.5,44.5,0.0,0.0,0.1,47.1,0.8,0.5,0.3,0.2,0.5,0
52,3.5,42.0,0.0,0.0,0.3,57.1,0.8,0.3,0.1,0.6,0.4,0
62,2.8,47.7,0.0,14.3,1.2,76.0,0.4,1.1,0.4,0.1,0.9,1
65,3.6,54.3,0.0,0.0,1.1,64.2,0.7,0.5,0.3,0.0,0.8,1
40,1.7,48.5,0.1,15.4,0.2,70.0,0.9,0.4,0.5,0.3,0.5,0
55,4.3,44.9,0.2,36.0,0.5,73.7,0.5,0.6,0.3,0.1,0.6,0
48,2.9,40.6,0.0,0.0,0.8,67.8,0.6,0.6,0.3,0.2,1.0,0
23,1.3,36.7,0.0,0.0,0.4,45.0,0.7,0.5,0.1,0.3,0.7,0
63,3.8,37.4,0.1,22.0,0.6,64.4,0.5,0.8,0.6,0.1,0.7,0
44,3.1,41.5,0.0,0.0,0.8,66.0,0.3,0.8,0.5,0.1,0.9,0
54,1.7,40.4,0.0,0.0,0.1,31.3,0.8,0.2,0.1,0.3,0.4,1
39,2.3,37.5,0.0,14.3,0.5,56.3,0.4,0.4,0.2,0.1,0.5,1
36,1.8,45.3,0.0,0.0,0.6,44.4,0.9,0.2,0.1,0.1,1.0,1
31,1.2,34.2,0.0,0.0,0.4,55.0,0.5,0.1,0.2,0.0,0.3,1
35,2.8,36.1,0.0,9.1,0.9,66.7,0.2,0.6,0.1,0.1,0.4,0
82,15.6,49.6,0.1,22.7,6.0,79.7,2.7,3.3,1.1,0.2,3.4,1
82,10.7,58.2,0.0,0.0,3.0,62.4,4.2,1.3,1.0,1.0,2.9,1
72,14.8,42.4,0.2,28.8,4.2,70.4,0.8,7.8,2.1,0.2,4.2,1
81,13.0,52.5,0.0,0.0,3.5,62.0,2.6,1.8,0.7,0.6,2.7,1
81,17.9,49.7,0.0,25.0,3.6,71.6,2.2,2.2,1.1,0.3,2.4,1
51,16.1,46.5,0.5,35.2,3.3,68.0,1.7,3.2,0.7,0.4,2.6,1
82,10.4,47.7,0.0,28.6,1.5,67.0,2.1,1.7,0.7,2.2,1.7,1
82,9.1,56.1,0.0,33.3,4.2,75.2,3.1,1.6,0.5,0.7,2.9,1
79,10.3,41.4,0.2,21.5,1.9,75.0,0.4,4.8,1.0,0.1,2.0,1
80,8.0,44.1,0.0,0.0,1.2,70.3,1.8,2.4,0.9,0.0,1.4,1
78,8.3,61.3,0.0,0.0,2.7,64.2,1.9,1.2,0.5,1.1,2.5,1
76,10.7,48.2,0.0,23.1,1.8,77.8,1.4,1.9,0.8,0.5,2.4,1
80,8.2,47.7,0.0,0.0,1.8,68.4,2.0,1.8,0.7,0.2,1.3,1
74,8.7,45.9,0.0,9.1,1.3,66.4,1.7,1.5,0.7,0.2,1.3,1
74,8.7,45.9,0.0,9.1,1.3,66.4,1.7,1.5,0.7,0.2,1.3,1
82,6.4,48.1,0.0,0.0,1.7,75.7,1.6,1.8,0.6,0.9,1.8,1
79,6.1,43.4,0.0,0.0,1.7,77.5,1.4,0.6,0.5,0.3,1.4,0
59,4.7,55.6,0.0,19.308126410835214,0.8,55.1,1.5,0.6,0.8,1.3,1.1,0
64,3.6,51.8,0.0,0.0,0.9,50.4,1.8,0.9,0.9,1.2,1.2,1
63,4.7,46.1,0.0,19.308126410835214,1.0,58.3,1.5,1.0,0.3,1.3,0.9,1
71,4.2,50.3,0.0,19.308126410835214,0.7,70.8,1.5,0.7,0.6,0.3,0.8,1
82,5.5,41.3,0.0,0.0,1.9,76.0,0.6,3.3,1.1,0.0,1.6,1
63,5.8,45.3,0.1,28.1,1.0,72.6,1.0,2.5,0.8,0.2,1.3,0
64,6.1,46.5,0.3,30.5,1.0,65.7,0.4,2.3,0.8,0.1,1.4,0
71,6.3,46.4,0.0,0.0,1.1,72.0,1.0,1.2,0.5,0.4,1.0,0
75,5.3,51.3,0.0,0.0,1.9,69.9,1.1,1.1,0.3,0.3,1.4,1
80,3.6,51.9,0.0,0.0,0.8,52.0,1.4,1.1,0.2,1.5,1.6,1
80,5.5,52.1,0.0,0.0,0.9,64.1,1.2,1.0,0.5,0.9,1.3,1
77,3.4,54.6,0.0,0.0,1.2,60.1,0.9,0.7,0.4,0.3,0.9,1
49,3.6,43.5,0.0,0.0,0.8,59.4,0.8,0.8,0.4,0.0,0.5,0
24,2.4,31.6,0.3,28.0,0.5,73.3,0.1,1.4,0.4,0.0,0.8,0
72,2.3,50.9,0.0,19.308126410835214,0.5,45.9,1.0,0.6,0.3,0.7,0.7,0
54,3.6,51.0,0.0,0.0,0.9,82.0,0.4,0.5,0.3,0.0,0.8,1
49,4.5,45.9,0.1,22.2,0.4,64.3,0.3,1.4,0.5,0.0,1.1,0
46,1.8,58.3,0.0,50.0,0.7,82.5,0.6,0.8,0.4,0.1,0.8,0
54,3.4,47.8,0.0,0.0,0.6,81.1,1.0,0.6,0.2,0.2,0.8,0
53,4.2,35.7,0.1,29.4,1.1,86.2,0.5,1.6,0.7,0.1,1.0,1
39,4.4,46.5,0.0,0.0,0.8,58.5,0.9,0.4,0.5,0.1,0.9,1
43,2.3,54.0,0.0,66.7,0.8,50.7,0.3,1.3,0.4,0.1,1.0,0
39,2.6,52.4,0.0,0.0,0.7,60.4,0.8,0.3,0.3,0.1,0.7,0
43,2.8,35.5,0.5,30.1,0.2,77.8,0.3,0.3,0.2,0.0,0.3,0
42,2.9,45.8,0.0,0.0,0.8,65.4,0.5,0.2,0.2,0.1,0.4,0
42,3.6,43.3,0.0,0.0,0.5,74.1,0.2,1.1,0.4,0.1,0.6,1
49,2.8,44.4,0.0,0.0,0.6,73.2,0.4,0.1,0.1,0.0,0.4,0
51,2.4,45.1,0.0,0.0,0.8,67.7,0.2,0.4,0.3,0.1,0.7,0
36,2.4,32.2,0.0,0.0,0.3,64.7,0.5,0.4,0.3,0.1,0.6,1
82,15.3,49.1,0.0,0.0,3.8,71.6,3.3,1.4,0.6,1.5,3.0,1
81,19.1,46.4,0.1,19.2,2.8,71.6,1.0,2.4,1.3,0.5,2.9,1
82,7.2,51.2,0.0,0.0,2.2,58.8,5.3,1.1,0.8,0.8,1.8,1
79,9.5,48.6,0.1,27.8,1.7,63.7,2.3,3.2,1.1,0.3,1.9,1
80,14.5,45.2,0.0,9.7,2.1,74.9,0.5,6.9,1.1,0.1,2.9,1
33,5.3,37.1,0.2,17.4,1.1,86.0,0.2,2.8,0.4,0.0,1.5,0
37,2.5,36.3,0.1,19.0,0.2,66.7,0.6,0.3,0.2,0.0,0.4,0
81,8.3,50.3,0.0,0.0,1.4,76.5,3.3,2.7,0.7,1.0,1.6,1
82,12.4,47.9,0.0,0.0,2.8,70.6,2.6,2.5,1.2,0.4,2.0,1
56,12.3,42.3,0.0,0.0,2.8,76.7,2.4,1.3,1.0,1.8,2.3,1
81,10.1,46.8,0.1,24.0,1.6,73.3,1.2,3.7,1.7,0.4,2.2,1
75,10.7,49.5,0.1,31.0,2.1,71.2,0.4,3.6,0.8,0.1,2.9,1
68,7.1,46.0,0.0,0.0,1.9,69.9,1.8,1.5,0.5,0.3,1.8,0
70,5.9,45.3,0.0,33.3,0.7,80.6,1.2,1.9,0.7,0.1,1.3,0
81,10.0,44.4,0.0,0.0,2.6,77.6,1.6,2.3,1.3,0.3,2.1,1
82,8.6,49.1,0.0,0.0,2.0,80.7,2.1,1.6,0.7,0.3,1.5,1
79,8.6,49.9,0.0,0.0,1.6,66.3,1.7,1.0,0.6,0.6,1.6,0
76,6.4,40.7,0.1,23.5,1.4,79.7,0.3,3.3,1.2,0.1,2.2,1
76,6.4,40.7,0.1,23.5,1.4,79.7,0.3,3.3,1.2,0.1,2.2,0
82,8.1,53.3,0.0,0.0,1.3,67.9,1.9,0.7,0.3,1.8,1.3,1
71,6.7,44.4,0.1,14.8,1.0,75.0,0.6,3.2,0.9,0.2,1.5,0
81,6.3,46.0,0.0,0.0,2.2,72.9,1.4,1.4,0.6,0.3,1.8,0
82,6.3,47.9,0.0,5.3,1.3,61.0,0.7,4.5,1.5,0.3,1.9,1
56,4.6,45.0,0.0,19.308126410835214,0.5,67.5,1.1,0.7,0.6,0.8,1.1,1
82,6.5,51.1,0.1,23.5,1.3,89.9,0.5,2.0,0.9,0.1,1.2,1
74,3.9,47.8,0.0,20.0,1.6,79.3,0.9,1.5,0.8,0.3,1.1,1
28,1.4,42.5,0.3,30.4,0.2,85.7,0.3,0.4,0.2,0.1,0.5,0
60,6.0,52.9,0.0,0.0,2.4,67.0,1.5,0.7,0.6,1.4,1.7,1
64,3.0,49.5,0.0,0.0,0.7,75.0,0.3,1.8,0.9,0.1,1.4,0
68,3.5,54.2,0.0,0.0,1.5,59.4,1.6,0.6,0.1,1.1,1.0,1
65,3.2,45.2,0.2,32.6,0.8,72.9,0.5,0.7,0.3,0.7,0.9,1
53,4.0,41.2,0.0,33.3,0.8,68.3,0.2,2.6,0.5,0.1,1.0,1
52,4.2,50.7,0.0,0.0,0.5,67.5,1.3,0.5,0.4,0.8,0.7,1
45,3.6,51.2,0.0,0.0,0.4,76.2,1.2,0.5,0.2,0.3,0.7,1
54,4.6,46.2,0.1,30.0,1.3,73.7,0.6,1.0,0.4,0.0,0.9,1
81,4.6,44.2,0.0,20.0,0.6,76.6,0.4,0.9,0.4,0.1,0.7,1
40,2.5,32.7,0.0,0.0,0.1,55.6,0.2,1.4,0.5,0.1,0.9,0
48,3.8,46.2,0.0,0.0,0.6,69.0,0.8,0.6,0.5,0.3,0.7,0
37,3.4,46.0,0.1,27.3,0.7,65.0,0.6,0.2,0.2,0.0,0.4,0
44,5.1,41.8,0.0,16.7,0.6,66.7,1.1,0.2,0.3,0.1,0.7,0
55,4.0,45.7,0.0,0.0,0.6,60.3,1.1,0.5,0.3,0.1,1.1,0
52,3.9,45.4,0.0,0.0,0.6,51.6,1.0,0.5,0.4,0.4,0.6,1
59,3.1,45.4,0.0,0.0,0.4,56.4,0.5,1.2,0.6,0.1,1.3,0
47,2.0,35.8,0.0,0.0,0.5,78.1,0.2,1.5,0.5,0.0,0.6,1
60,3.0,33.0,0.0,0.0,0.9,73.9,0.5,1.3,0.4,0.0,0.6,0
55,2.5,41.2,0.0,0.0,0.7,43.5,0.5,0.3,0.4,0.4,0.6,0
44,3.1,34.8,0.0,50.0,0.4,45.9,0.6,0.3,0.2,0.0,0.6,0
51,2.5,43.4,0.1,41.7,0.5,59.0,0.3,1.0,0.4,0.0,0.7,0
31,2.0,35.5,0.3,29.0,0.6,75.0,0.4,0.3,0.1,0.1,0.2,0
82,15.7,42.9,2.3,36.8,3.3,84.4,0.5,6.5,0.9,0.2,3.0,1
56,12.3,41.0,1.6,38.6,2.2,78.6,0.8,2.4,0.9,0.5,1.6,1
33,4.0,31.8,0.2,16.7,0.3,52.9,0.4,2.5,0.4,0.1,0.7,0
64,10.6,51.6,0.0,0.0,2.6,75.1,2.6,1.0,1.2,1.8,1.4,1
61,13.4,41.2,1.0,31.0,2.6,74.6,0.4,3.0,1.0,0.3,2.0,1
82,7.8,42.8,0.9,35.0,1.2,80.6,1.3,0.9,0.7,0.5,1.2,1
77,7.3,43.8,0.0,0.0,1.6,76.4,2.1,1.2,0.5,0.9,1.2,1
76,7.4,46.1,0.4,27.4,1.0,57.0,1.6,0.7,1.2,0.8,0.9,1
78,7.9,45.8,0.0,22.2,1.8,74.9,1.7,1.5,0.7,0.9,1.3,1
81,7.8,43.9,0.6,35.9,1.8,75.8,0.7,1.2,0.6,0.2,1.3,1
61,6.4,37.2,0.5,32.6,1.0,54.6,0.3,2.1,0.4,0.1,1.2,1
12,4.4,35.8,0.8,32.3,0.7,66.7,0.3,1.3,0.9,0.2,0.6,0
60,5.7,60.8,0.0,50.0,1.0,37.1,2.8,0.5,1.0,1.6,0.9,1
45,5.0,49.3,0.0,20.0,1.0,74.6,2.0,0.8,0.5,0.5,0.6,0
69,4.0,54.5,0.0,42.9,1.0,80.9,1.2,0.5,0.2,0.6,0.7,1
41,4.6,41.8,0.9,37.5,0.8,82.9,1.1,2.9,0.9,0.5,1.1,1
78,4.7,38.4,0.8,32.8,0.6,64.4,0.4,1.2,0.8,0.2,0.6,1
78,6.6,41.7,0.8,38.6,0.9,90.9,0.2,2.8,0.5,0.0,0.9,1
73,6.3,40.7,0.9,33.2,0.4,71.4,0.5,0.7,0.6,0.2,0.7,1
56,6.8,47.9,1.1,42.1,1.1,75.9,0.6,0.5,0.3,0.2,0.9,0
70,4.6,43.0,0.0,0.0,0.8,52.3,1.7,0.7,0.6,0.4,1.3,1
61,4.8,44.6,0.9,38.4,1.0,84.3,0.3,0.9,0.2,0.2,0.7,1
48,3.1,37.1,0.5,31.5,0.2,57.1,0.1,3.0,0.5,0.1,1.2,0
79,3.3,32.7,0.2,20.9,0.6,81.8,0.7,0.7,0.5,0.3,0.7,1
52,2.1,40.7,0.4,39.3,0.2,100.0,0.2,0.8,0.3,0.2,0.4,0
63,5.3,48.2,0.0,0.0,0.9,53.3,1.8,0.5,0.3,0.7,0.8,1
11,3.7,41.5,0.3,20.0,1.5,88.9,0.2,0.8,0.5,0.1,0.2,0
63,3.5,43.6,0.1,25.7,0.5,66.7,0.3,0.3,0.3,0.3,0.5,0
47,3.5,36.8,0.3,37.8,0.4,58.8,0.2,0.7,0.3,0.0,0.6,0
73,4.2,38.2,0.1,13.8,0.7,76.9,0.5,0.8,0.5,0.1,0.8,1
51,3.5,40.0,0.7,38.3,0.5,71.9,0.4,0.9,0.2,0.2,0.6,0
47,2.9,58.2,0.0,0.0,0.4,64.3,1.6,0.2,0.4,0.2,0.4,0
57,3.5,51.3,0.0,0.0,0.5,66.7,1.1,0.9,0.2,0.5,0.7,1
46,2.2,51.5,0.0,0.0,0.5,61.0,1.1,0.1,0.3,0.8,0.4,0
41,2.7,37.5,0.3,28.0,0.5,72.4,0.2,0.6,0.4,0.1,0.5,0
30,5.3,40.0,0.8,32.5,0.7,72.4,1.5,1.5,0.7,0.3,0.7,0
40,3.7,47.6,0.0,0.0,1.1,76.8,1.0,0.3,0.1,0.1,0.5,1
48,2.4,38.1,0.1,17.4,0.2,56.3,0.1,1.3,0.2,0.1,0.7,0
35,2.5,38.4,0.1,25.0,0.6,72.4,0.4,1.2,0.2,0.1,0.8,0
27,3.3,29.5,0.3,22.6,0.6,89.5,0.0,1.0,0.2,0.0,0.6,0
23,3.0,35.3,0.4,30.0,0.6,100.0,0.2,0.2,0.1,0.1,0.3,1
66,11.7,41.5,1.6,38.0,1.6,75.9,0.5,3.8,0.7,0.1,2.6,1
56,11.4,42.8,0.8,31.3,2.0,76.4,1.3,2.3,0.9,0.3,2.1,0
59,9.1,40.1,0.8,30.6,1.5,79.8,0.7,2.8,1.7,0.1,1.9,1
63,8.7,45.2,1.0,33.7,0.7,55.1,1.4,2.1,1.2,0.5,1.3,1
66,11.6,36.6,1.0,30.5,2.5,78.9,0.5,4.4,0.9,0.3,1.8,1
65,8.8,44.8,1.3,37.9,2.4,83.2,0.7,4.1,0.8,0.1,1.6,1
66,10.9,44.3,1.7,41.4,1.2,86.8,0.4,2.0,0.7,0.3,1.6,1
64,6.3,49.3,0.6,37.6,1.1,77.3,1.6,1.1,1.3,0.4,0.7,1
22,3.8,31.3,0.1,11.1,1.0,82.1,0.3,2.1,0.6,0.3,1.3,0
46,6.7,58.6,0.0,0.0,2.4,66.5,3.1,0.8,0.7,1.0,1.2,1
66,4.7,37.2,0.7,34.6,0.5,68.2,0.7,0.7,1.1,0.5,0.6,0
66,7.5,41.2,0.6,26.8,2.1,69.7,1.2,0.6,0.5,0.5,1.2,1
33,6.0,39.9,0.1,8.0,0.7,76.7,0.5,3.2,0.4,0.1,1.5,1
63,6.9,39.9,0.7,34.7,1.2,71.7,1.1,1.0,0.7,0.7,1.1,1
65,6.9,39.3,0.3,27.6,1.0,77.6,0.3,2.0,0.7,0.0,1.6,1
61,7.3,38.6,1.3,36.1,0.7,83.3,0.3,1.8,0.5,0.1,1.1,1
51,5.7,44.7,0.1,15.0,0.7,87.2,0.2,3.3,0.7,0.1,1.2,0
34,4.4,44.6,0.4,31.6,0.7,63.2,0.6,0.6,0.3,0.3,0.6,0
56,4.9,51.3,0.0,33.3,1.3,72.0,1.2,0.6,0.8,0.3,1.2,0
59,6.1,42.9,0.3,33.3,1.8,72.7,1.0,0.9,0.5,0.1,0.9,1
41,4.1,47.3,0.0,0.0,0.3,78.6,1.1,0.8,0.3,0.4,0.5,1
42,3.0,45.2,0.0,0.0,1.2,83.9,1.2,0.3,0.2,0.2,0.6,1
43,3.5,50.7,0.0,0.0,1.0,65.2,1.5,0.3,0.5,0.3,0.5,0
37,4.0,42.3,0.5,33.9,0.4,61.5,1.3,0.3,0.6,0.5,0.5,0
55,2.2,54.5,0.0,0.0,0.5,70.7,0.9,0.5,0.7,1.6,0.6,0
42,5.0,42.1,0.0,0.0,0.7,55.8,1.3,0.4,0.4,0.5,0.9,0
19,3.1,39.0,0.1,20.0,0.7,82.4,0.5,1.6,0.4,0.2,0.9,0
44,4.1,37.2,0.3,28.9,0.5,71.4,0.4,1.4,0.4,0.1,0.9,0
64,3.4,40.0,0.2,28.6,0.7,71.2,0.2,2.0,0.4,0.0,0.8,1
46,4.2,50.8,0.1,33.3,0.5,75.0,1.0,0.5,0.3,0.4,0.4,1
42,4.0,46.7,0.1,26.1,1.0,81.5,0.7,0.5,0.3,0.2,0.7,1
38,4.2,32.5,0.1,20.0,1.1,70.0,0.2,0.9,0.1,0.2,1.0,0
40,4.4,39.1,0.7,37.3,0.3,91.7,0.1,0.5,0.1,0.0,0.5,0
26,4.3,43.2,0.7,36.2,0.1,40.0,0.4,0.8,0.1,0.1,0.6,1
26,2.3,42.4,0.0,0.0,0.2,50.0,0.5,0.2,0.1,0.8,0.3,0
26,2.8,38.9,0.6,37.5,0.1,50.0,0.3,1.0,0.4,0.3,0.6,0
44,3.4,33.3,0.2,26.3,0.4,59.3,0.3,1.3,0.3,0.0,1.1,0
38,3.0,38.1,0.4,37.8,0.2,100.0,0.1,0.9,0.3,0.1,0.6,1
42,1.9,40.5,0.0,18.2,1.0,76.8,0.5,0.3,0.3,0.1,0.3,1
36,3.4,44.6,0.0,0.0,0.2,66.7,0.6,0.2,0.1,0.4,0.4,0
82,16.8,50.6,0.1,29.2,5.4,64.2,3.3,3.8,0.8,0.6,2.7,1
69,14.1,40.9,0.5,29.6,4.4,76.6,0.5,8.3,1.8,0.5,3.8,1
82,7.3,49.7,1.0,39.3,1.4,76.9,1.3,1.9,1.0,0.2,1.3,1
81,12.4,43.0,0.0,16.7,3.4,68.7,2.7,2.5,1.1,0.8,3.3,1
80,6.9,55.1,0.0,0.0,1.8,62.2,3.1,1.3,1.2,0.6,1.0,1
79,8.6,39.7,1.3,35.6,0.8,69.6,0.6,1.9,0.7,0.7,1.2,1
65,5.7,57.6,0.0,0.0,1.1,55.5,2.6,0.6,0.6,1.0,0.7,1
42,11.9,38.4,0.8,25.8,1.7,86.9,0.7,2.8,0.9,0.1,2.0,0
78,6.8,42.5,0.2,31.8,1.3,80.8,0.5,2.0,0.6,0.2,1.0,1
81,6.0,42.4,0.4,27.6,1.2,74.4,0.8,3.6,1.1,0.3,2.4,1
80,7.9,45.1,1.6,41.9,1.1,80.8,0.3,1.2,0.3,0.1,1.0,1
61,6.5,45.3,0.7,29.7,1.3,76.2,0.6,1.1,1.0,0.4,1.1,1
78,5.3,51.7,0.0,0.0,1.3,59.5,2.2,0.5,0.4,0.9,1.0,1
15,4.1,43.5,0.3,44.4,1.5,76.7,0.1,1.9,0.4,0.2,0.7,0
81,5.0,39.4,0.6,31.5,1.1,77.3,0.9,0.7,0.7,0.3,1.3,1
58,3.8,43.7,0.0,0.0,0.7,65.6,1.4,0.7,0.4,1.5,0.8,1
54,5.4,37.4,0.6,37.0,1.3,76.3,0.7,1.6,0.6,0.1,1.2,0
72,4.1,48.5,0.5,47.3,1.0,71.1,0.6,1.1,0.4,0.3,1.0,1
52,5.1,55.8,0.0,0.0,0.6,71.4,1.7,0.8,0.3,0.7,0.6,1
65,3.9,54.9,0.0,0.0,1.0,67.3,1.5,0.5,0.5,0.7,0.6,1
60,4.5,43.3,0.0,0.0,0.5,56.0,1.0,0.3,0.4,1.2,0.6,1
49,4.2,38.3,0.3,24.2,0.4,73.1,0.8,0.6,0.3,0.3,0.3,0
66,2.7,40.6,0.3,36.0,0.4,70.6,0.3,0.4,0.3,0.1,0.2,1
42,3.4,42.4,0.1,37.5,0.8,58.9,0.7,1.6,0.3,0.2,0.6,0
43,2.7,37.4,0.1,30.0,0.3,57.1,0.2,1.8,0.4,0.1,0.8,1
42,3.7,35.7,0.4,28.3,0.8,78.6,0.5,0.7,0.3,0.2,0.5,0
49,2.3,66.1,0.0,0.0,0.5,70.3,0.7,0.5,0.3,0.3,0.4,1
18,0.8,53.3,0.0,0.0,0.1,50.0,0.7,0.2,0.3,0.4,0.4,1
38,2.7,45.5,0.1,41.7,0.3,59.1,0.3,1.2,0.1,0.0,1.0,0
22,2.7,35.6,0.0,10.0,0.4,53.3,0.3,1.1,0.2,0.1,0.8,0
41,1.6,48.5,0.0,0.0,0.4,73.9,0.5,0.2,0.1,0.2,0.5,0
72,16.2,45.8,0.5,25.5,4.8,74.8,0.9,5.8,1.5,0.4,3.0,1
80,14.3,46.2,2.1,43.7,2.2,88.5,0.6,5.9,1.9,0.2,3.0,1
82,14.8,37.1,1.8,37.4,2.7,81.7,0.6,5.7,1.3,0.2,2.4,1
22,3.0,27.7,0.5,26.2,0.3,87.5,0.0,0.5,0.3,0.1,0.4,0
81,11.8,41.7,1.0,35.8,2.8,82.6,0.3,4.4,1.0,0.0,2.9,0
76,10.4,47.7,0.6,40.0,1.9,85.1,0.5,5.7,1.0,0.1,2.7,1
82,7.7,49.4,0.0,0.0,1.4,64.6,2.8,0.9,0.6,1.3,1.4,1
73,12.1,45.1,1.6,37.4,2.0,81.4,1.0,1.6,0.8,0.1,1.0,1
82,6.9,48.3,0.8,38.2,2.0,82.9,0.6,1.5,0.8,0.2,1.1,1
73,7.1,44.2,0.8,39.0,0.9,75.6,0.8,3.8,1.1,0.3,2.1,1
76,7.6,40.3,1.2,37.5,2.6,80.8,0.6,1.8,1.1,0.3,1.4,1
78,8.3,40.1,0.4,31.0,1.3,71.5,0.6,2.9,0.6,0.1,1.6,0
20,3.1,39.3,0.4,29.2,0.6,85.7,0.2,0.7,0.3,0.3,0.7,0
77,6.6,49.8,0.1,25.0,1.9,76.3,0.9,0.7,0.6,0.2,0.8,1
65,6.0,51.5,0.5,41.0,1.6,75.7,0.6,3.1,0.7,0.0,1.3,1
74,7.6,44.1,1.2,36.9,0.9,77.0,0.5,1.2,0.5,0.1,0.7,1
56,7.0,45.8,1.2,38.9,1.0,80.9,0.7,2.0,0.8,0.1,1.0,1
82,6.0,55.6,0.0,0.0,1.1,54.7,2.4,0.8,0.6,0.5,1.4,1
76,5.9,42.4,0.8,39.5,0.8,87.1,0.4,1.0,0.3,0.1,1.0,1
80,6.2,45.1,0.1,19.6,1.7,77.7,1.0,0.7,0.4,0.3,1.2,0
81,4.5,41.8,0.3,31.0,0.6,72.2,0.3,3.3,0.5,0.1,1.1,1
56,6.3,41.0,1.1,34.5,1.1,80.0,0.2,1.9,0.6,0.1,1.1,1
82,14.1,54.2,0.4,34.1,2.7,81.1,2.8,2.0,0.7,1.7,2.2,0
47,4.3,49.3,0.0,0.0,1.0,67.6,1.6,0.4,0.3,0.5,0.6,1
69,4.3,46.4,0.4,30.5,0.7,82.1,0.5,0.5,0.4,0.4,0.7,1
60,3.6,50.2,0.0,0.0,0.9,75.4,0.9,0.6,0.2,0.6,0.5,0
52,2.0,53.4,0.0,0.0,0.7,59.7,2.0,0.4,0.3,0.1,0.4,0
27,3.7,43.6,0.5,35.1,1.3,70.0,0.2,0.8,0.5,0.2,1.0,1
60,4.5,38.8,0.7,31.8,0.5,79.5,0.1,0.7,0.3,0.1,0.4,1
63,3.4,49.5,0.0,0.0,0.5,64.6,0.9,0.2,0.4,0.3,0.2,1
71,3.1,39.6,0.0,0.0,0.5,62.3,0.7,0.5,0.4,0.1,0.3,1
39,1.7,66.2,0.0,0.0,0.5,90.0,0.6,0.0,0.2,0.4,0.3,1
71,3.2,39.6,0.1,21.9,0.6,83.7,0.1,1.7,0.5,0.1,0.7,1
57,2.6,46.3,0.0,28.6,0.8,66.7,0.5,0.3,0.4,0.2,0.3,0
44,3.0,35.4,0.3,35.7,0.6,71.1,0.3,0.4,0.2,0.2,0.4,0
43,2.4,35.6,0.1,21.1,0.8,74.5,0.3,0.3,0.2,0.2,0.3,1
43,2.4,35.6,0.1,21.1,0.8,74.5,0.3,0.3,0.2,0.2,0.3,1
51,3.0,37.1,0.0,40.0,0.5,72.2,0.4,0.4,0.1,0.3,0.5,1
12,1.7,30.0,0.1,16.7,0.6,58.3,0.2,1.2,0.3,0.2,0.9,0
18,2.4,37.2,0.5,32.1,0.2,60.0,0.3,0.0,0.1,0.1,0.3,0
53,14.7,50.8,0.0,16.7,2.5,68.6,2.3,1.2,0.4,1.1,2.3,0
25,2.1,39.6,0.2,31.3,0.4,84.6,0.3,0.5,0.3,0.1,0.6,0
82,15.6,43.8,1.8,38.4,3.0,87.9,0.7,3.2,1.1,0.2,2.8,1
81,14.9,47.5,0.2,22.2,2.4,78.8,1.2,6.3,0.8,0.2,2.5,1
78,11.6,45.6,1.7,38.9,3.8,85.4,0.6,2.8,1.0,0.5,2.1,1
82,13.4,39.8,0.4,27.1,4.3,81.5,2.2,5.3,1.3,0.2,3.3,1
82,8.1,42.0,1.4,36.7,1.8,76.7,0.5,4.9,1.9,0.1,2.0,1
82,10.3,53.1,0.0,0.0,2.1,79.3,2.7,1.0,0.5,1.8,1.8,1
82,8.7,49.7,0.0,0.0,2.4,69.2,2.9,1.1,0.6,0.7,1.8,1
72,8.6,43.0,1.5,43.9,2.9,89.3,0.2,3.5,0.6,0.0,1.6,1
78,5.9,42.2,0.4,27.6,1.0,68.4,1.0,1.5,0.9,0.3,1.2,0
81,8.5,45.9,0.0,10.5,3.3,78.9,3.4,1.0,0.4,0.6,1.5,1
77,7.0,45.0,1.1,40.4,1.0,83.0,0.2,1.2,1.0,0.2,0.9,1
81,11.8,47.2,0.4,40.7,2.3,77.2,1.4,1.0,0.5,0.5,1.5,1
75,7.7,42.3,1.0,37.3,0.6,69.7,0.5,0.9,0.5,0.5,1.0,1
67,8.0,47.8,1.3,46.7,1.2,87.0,1.2,1.2,0.5,0.2,0.8,1
61,5.8,56.4,0.0,0.0,2.4,63.7,2.8,0.5,0.4,1.1,1.4,0
56,4.4,45.9,0.6,34.4,0.7,70.7,0.6,1.8,0.8,0.5,1.2,0
66,6.2,39.3,1.0,36.5,1.5,84.5,1.6,0.8,0.7,0.3,0.9,1
76,5.7,43.8,0.0,0.0,0.5,66.7,1.4,0.6,0.7,0.7,0.6,1
77,4.8,40.3,0.3,32.9,1.5,78.1,0.4,1.8,0.6,0.3,1.0,1
79,6.4,50.2,0.0,25.0,1.3,77.3,1.6,0.4,0.3,0.7,0.6,1
75,5.2,49.4,0.0,0.0,1.4,66.0,1.6,0.3,0.4,1.0,0.8,1
51,5.2,41.2,0.3,32.5,1.1,69.1,0.4,2.1,0.7,0.0,1.4,0
53,2.8,63.3,0.0,0.0,0.8,38.5,1.4,0.2,0.2,1.1,0.8,1
70,6.0,47.1,0.0,0.0,1.4,66.7,1.6,0.7,0.3,1.1,0.8,1
68,5.3,39.2,0.7,34.6,0.5,79.1,0.2,1.7,0.3,0.0,0.9,0
80,12.0,41.0,1.6,35.1,1.8,73.7,0.6,3.3,1.2,0.2,2.5,0
44,4.0,46.0,0.1,25.0,1.2,82.3,0.3,1.2,0.3,0.2,0.7,1
53,3.6,36.5,0.1,25.9,1.6,80.6,0.2,1.5,0.3,0.0,1.1,1
59,4.2,41.6,0.3,34.8,1.0,69.9,0.7,0.7,0.3,0.5,0.9,1
60,2.6,40.6,0.4,39.4,0.3,64.0,0.2,2.0,0.5,0.0,1.1,1
48,3.9,50.8,0.0,0.0,0.8,70.6,1.0,0.4,0.3,0.7,0.5,1
40,3.3,38.9,0.4,39.5,1.0,80.0,0.8,0.5,0.3,0.5,0.4,0
19,3.4,29.2,0.5,22.0,0.3,50.0,0.6,0.9,0.3,0.1,0.4,1
76,11.4,42.3,1.3,34.3,2.8,84.0,0.4,2.6,0.6,0.3,2.1,0
60,2.3,51.8,0.0,0.0,0.8,69.1,0.9,0.1,0.2,0.7,0.5,1
51,1.7,43.0,0.0,0.0,0.5,68.6,0.6,0.2,0.2,0.1,0.3,0
37,2.3,36.5,0.3,40.0,0.5,85.7,0.3,0.8,0.3,0.0,0.6,0
80,17.1,43.0,0.7,28.8,4.9,87.3,0.9,2.4,1.0,0.9,2.9,1
80,9.4,42.7,0.3,27.6,2.2,74.4,1.3,1.5,0.6,0.6,2.0,1
78,7.4,48.5,0.5,32.8,0.8,74.1,1.2,1.2,1.0,1.4,0.7,1
79,11.0,42.9,0.5,33.1,2.7,74.3,1.2,1.2,0.6,0.5,1.6,0
53,8.3,42.8,0.6,33.0,1.7,73.2,0.4,4.2,0.8,0.0,1.7,1
73,8.2,37.5,0.9,30.7,1.1,78.4,0.8,1.6,0.8,0.2,1.6,0
59,8.7,38.1,1.3,33.2,0.8,82.5,0.3,1.3,0.4,0.1,1.1,1
79,6.2,37.4,0.1,19.4,1.1,80.0,1.0,1.4,1.0,0.3,1.1,1
74,6.6,53.9,0.1,31.6,1.0,73.8,1.6,0.8,1.0,0.1,0.9,1
74,5.0,48.2,0.0,0.0,1.8,69.1,2.4,1.1,0.9,0.9,1.2,1
35,6.9,43.8,0.3,30.0,1.0,63.0,1.1,0.9,0.4,0.5,0.8,1
57,6.7,40.1,0.1,18.8,2.2,81.4,0.6,2.8,0.9,0.1,1.4,1
73,4.8,46.8,0.1,22.0,1.2,73.7,1.7,1.1,0.8,0.1,0.7,1
73,4.2,53.8,0.0,0.0,1.1,60.9,1.6,0.4,0.4,1.4,1.0,0
60,8.8,49.8,0.1,21.4,1.5,72.7,1.1,0.7,0.4,1.4,1.1,0
42,5.2,61.6,0.0,0.0,1.7,66.1,2.3,0.5,0.4,0.2,0.6,1
56,4.2,40.1,0.1,20.6,0.7,79.2,0.2,2.0,0.5,0.0,1.0,0
75,6.4,43.9,0.5,40.0,1.3,81.5,0.3,0.8,0.5,0.1,1.3,1
76,4.1,45.5,0.1,28.6,0.7,65.9,1.0,0.3,0.3,0.7,0.6,1
69,3.2,48.4,0.0,0.0,1.4,66.0,1.4,0.4,0.5,0.3,0.9,1
50,4.7,42.1,0.2,27.0,1.4,69.2,0.5,1.0,0.4,0.0,1.1,0
71,4.5,45.9,0.1,19.0,0.5,65.5,1.0,0.6,0.2,0.6,0.8,1
75,3.2,41.1,0.1,20.8,0.9,78.2,0.5,0.7,0.4,0.1,0.5,1
51,4.4,41.3,0.7,33.0,0.8,85.7,0.3,1.7,0.3,0.1,0.9,1
32,3.2,42.6,0.3,34.6,0.7,79.3,0.4,1.1,0.5,0.0,0.6,1
57,3.0,53.3,0.2,41.7,0.6,63.5,0.6,0.7,0.5,0.2,0.6,0
52,1.7,47.1,0.0,0.0,0.3,59.3,1.0,0.3,0.2,0.2,0.5,0
26,3.2,56.1,0.0,0.0,0.6,68.2,1.3,0.4,0.3,0.4,0.5,0
61,3.3,50.5,0.0,0.0,0.9,56.6,1.1,0.7,0.3,0.3,0.9,1
70,1.5,37.9,0.0,16.7,0.2,43.8,0.8,0.6,0.3,0.4,0.6,1
38,2.9,55.4,0.0,0.0,0.7,67.5,1.0,0.2,0.2,0.6,0.3,1
38,3.3,40.8,0.0,0.0,0.5,64.3,0.6,0.3,0.2,0.4,0.5,0
64,0.8,42.9,0.0,0.0,0.3,65.4,0.4,0.2,0.2,0.1,0.1,0
14,1.6,26.1,0.2,23.1,0.0,0.0,0.0,0.1,0.0,0.2,0.3,0
66,5.1,56.3,0.0,0.0,1.2,64.8,2.0,0.6,0.7,1.0,0.7,0
57,13.4,45.6,1.0,37.7,3.5,83.8,1.0,4.0,1.2,0.2,2.0,1
78,12.1,37.6,1.1,33.7,1.5,71.0,0.7,2.1,0.4,0.1,1.7,0
78,9.7,42.2,0.7,36.4,1.9,72.7,1.2,1.3,0.9,0.9,1.8,1
78,5.8,41.8,0.1,20.7,1.5,64.7,0.9,3.8,1.6,0.1,1.8,1
82,8.4,43.4,0.8,36.8,2.0,85.4,0.6,2.8,0.7,0.3,1.9,1
63,7.6,50.3,0.0,0.0,1.3,72.2,2.3,0.4,0.3,1.2,0.7,1
48,6.3,45.7,0.3,28.3,1.6,79.6,0.6,0.9,1.1,0.0,1.0,0
52,5.2,45.2,1.0,46.1,0.8,66.7,0.4,1.4,0.7,0.5,0.7,0
82,5.6,53.1,0.0,0.0,1.4,62.4,1.8,0.6,0.6,0.2,0.9,1
81,4.5,45.5,0.0,50.0,1.4,76.4,1.6,0.5,0.6,0.5,1.2,1
82,4.9,52.5,0.0,33.3,1.7,67.3,2.2,0.8,0.8,0.9,1.1,1
67,5.9,46.4,0.4,34.7,0.8,60.9,0.6,0.4,0.6,0.3,0.6,1
79,6.7,39.5,0.6,28.2,0.9,84.7,0.4,3.3,0.4,0.0,1.8,0
79,6.7,39.5,0.6,28.2,0.9,84.7,0.4,3.3,0.4,0.0,1.8,0
60,3.9,42.4,0.9,41.9,0.5,71.8,0.5,1.2,0.4,0.1,0.7,1
68,4.0,50.5,0.1,18.5,0.8,56.7,1.4,0.6,0.8,0.7,0.7,1
29,4.8,45.7,0.1,28.6,1.3,71.2,1.3,1.5,1.3,0.6,0.9,0
72,4.1,42.2,0.6,32.8,0.4,71.1,0.3,1.9,0.6,0.1,1.0,1
47,5.5,38.6,1.0,41.4,0.9,76.4,0.4,0.9,0.4,0.1,0.9,0
52,4.4,38.2,0.3,27.7,0.9,58.5,0.5,1.6,0.6,0.1,1.1,0
42,4.6,41.0,0.9,38.8,1.3,90.0,0.2,0.9,0.3,0.0,0.5,1
72,3.9,47.5,0.0,0.0,1.5,60.6,1.2,0.6,0.6,1.1,1.3,1
59,2.9,53.8,0.0,0.0,1.3,66.1,0.8,0.3,0.4,0.6,0.8,0
43,3.1,41.7,0.0,0.0,0.4,48.5,1.0,0.3,0.2,0.5,0.5,0
81,6.5,41.0,0.8,33.7,1.3,73.0,0.9,1.2,0.5,0.5,0.7,0
46,3.5,46.9,0.4,36.5,0.2,55.0,0.7,0.5,0.1,0.2,0.5,1
56,3.4,52.8,0.0,0.0,1.0,67.5,0.7,0.4,0.7,0.1,0.4,1
68,2.6,36.7,0.3,32.1,0.5,86.0,0.6,1.0,0.4,0.1,0.6,0
58,2.2,50.8,0.0,0.0,1.0,78.7,0.8,0.2,0.2,0.7,0.4,1
63,2.8,44.6,0.0,0.0,1.7,73.6,1.5,0.2,0.2,0.3,0.8,1
56,2.2,54.4,0.0,0.0,0.7,59.7,1.0,0.2,0.2,0.5,0.6,1
61,2.8,57.9,0.0,0.0,0.9,54.4,1.0,0.2,0.2,0.3,0.5,0
41,3.4,43.3,0.4,34.6,0.7,84.4,0.0,1.3,0.4,0.0,0.4,0
42,3.1,36.6,0.5,35.1,0.6,67.6,0.1,1.5,0.4,0.0,0.5,1
29,4.3,31.0,0.7,28.6,0.6,85.0,0.3,0.7,0.5,0.2,0.5,0
42,3.0,38.1,0.3,24.0,0.3,73.3,0.3,0.4,0.4,0.1,0.4,0
61,2.2,55.6,0.0,0.0,0.4,66.7,0.6,0.2,0.3,0.1,0.4,0
44,2.1,46.2,0.0,11.1,0.5,56.1,0.5,0.4,0.3,0.0,0.4,1
44,2.1,46.2,0.0,11.1,0.5,56.1,0.5,0.4,0.3,0.0,0.4,0
38,1.9,56.8,0.0,0.0,0.2,60.0,0.7,0.1,0.2,0.1,0.8,0
35,1.4,36.0,0.4,33.3,0.1,100.0,0.1,0.2,0.1,0.0,0.1,1
78,12.1,43.0,0.6,28.2,5.1,84.7,0.8,7.8,2.2,0.1,2.4,1
80,11.0,39.1,1.2,35.8,2.0,72.5,1.0,5.6,1.3,0.1,2.3,1
81,11.6,46.3,0.9,32.7,1.4,70.6,2.2,1.1,0.7,0.8,1.2,1
80,7.9,40.3,1.4,36.1,1.1,69.9,0.4,2.7,1.1,0.1,1.5,1
80,10.1,42.1,1.1,41.6,1.2,70.4,0.4,4.5,0.8,0.2,1.8,1
63,4.8,52.7,0.0,10.0,0.5,68.1,1.6,0.7,0.9,0.4,0.7,0
79,6.7,44.3,0.2,24.5,2.4,74.7,1.5,0.8,0.6,0.3,1.1,1
65,9.8,47.7,0.0,33.3,2.9,82.5,2.1,0.8,0.5,0.7,1.5,1
78,6.1,46.2,0.4,32.3,1.5,77.7,1.7,1.2,0.7,0.8,1.0,1
61,5.8,48.7,0.0,33.3,1.8,75.2,1.7,1.0,0.6,0.1,0.9,1
72,7.8,40.7,0.8,39.7,2.1,75.2,0.8,2.0,0.8,0.0,1.6,1
61,8.1,41.5,1.3,38.0,1.6,90.0,0.2,1.2,0.4,0.1,1.3,0
79,5.4,44.2,0.3,26.3,1.6,80.0,0.2,2.8,0.5,0.0,1.3,1
81,5.7,47.0,0.4,34.8,0.3,63.4,0.5,4.5,1.2,0.1,1.7,0
80,5.2,47.8,0.4,33.3,1.4,81.2,0.7,0.8,0.5,0.2,1.1,1
49,6.5,41.5,0.6,34.1,0.9,71.2,0.4,1.6,0.7,0.2,1.2,1
61,5.7,39.9,1.1,35.7,1.0,85.9,0.5,0.6,0.3,0.2,0.7,1
79,6.8,45.0,0.8,37.2,1.0,73.6,0.4,0.8,0.6,0.3,1.1,0
67,3.4,59.6,0.0,0.0,1.1,57.7,1.6,0.6,0.5,0.3,0.8,1
67,3.4,59.6,0.0,0.0,1.1,57.7,1.6,0.6,0.5,0.3,0.8,0
36,5.0,41.4,0.7,41.4,0.9,80.5,0.6,0.9,0.3,0.1,0.9,1
80,3.2,39.5,0.1,22.5,0.6,66.2,0.5,1.6,1.0,0.1,1.4,0
69,4.8,52.4,0.0,0.0,2.0,81.0,1.4,0.4,0.2,0.4,1.1,1
66,3.9,38.0,0.3,28.2,0.5,78.3,0.3,1.3,0.6,0.1,0.9,0
18,4.9,33.7,0.4,26.9,0.9,73.9,0.4,1.8,0.4,0.3,0.8,0
59,2.6,51.0,0.2,50.0,0.7,78.0,1.1,0.5,0.3,0.4,0.5,1
37,2.2,45.7,0.0,0.0,1.0,80.0,0.8,0.2,0.2,0.1,0.6,1
68,3.4,44.3,0.0,0.0,1.1,66.1,0.6,0.4,0.2,0.3,0.8,1
43,2.8,48.3,0.0,0.0,0.7,88.2,0.9,0.2,0.3,0.0,0.6,0
39,2.1,35.8,0.0,6.7,0.3,50.0,0.2,0.3,0.1,0.1,0.5,1
51,2.7,39.0,0.1,23.5,0.6,69.8,0.3,0.9,0.6,0.1,0.7,0
23,3.3,36.8,0.2,25.0,0.8,75.0,0.8,0.7,0.3,0.1,0.4,1
32,6.9,46.2,0.9,44.1,0.9,85.7,0.4,3.6,1.0,0.1,1.5,0
39,2.3,25.0,0.3,18.5,0.4,94.1,0.1,1.2,0.7,0.1,0.6,0
57,1.7,45.4,0.0,0.0,0.8,60.6,1.0,0.3,0.3,0.2,0.4,1
46,1.8,40.2,0.0,0.0,0.2,29.6,0.7,0.2,0.1,0.5,0.4,1
33,1.3,45.5,0.0,0.0,0.3,47.8,0.8,0.2,0.2,0.1,0.1,0
73,13.7,44.7,0.0,0.0,2.9,60.9,3.8,0.9,0.8,1.7,1.7,1
82,6.7,49.3,0.6,33.1,1.9,74.3,1.1,3.0,1.7,0.6,1.7,1
82,8.3,52.0,0.0,0.0,3.4,67.1,3.5,0.9,0.9,1.7,2.0,1
80,8.0,47.0,0.2,23.2,2.4,82.3,2.4,1.9,0.9,0.4,1.3,1
74,8.1,45.5,0.1,17.4,2.2,68.8,2.0,1.7,0.8,1.9,1.8,1
82,6.0,35.2,1.1,35.5,0.6,73.1,0.3,4.9,1.0,0.0,1.4,1
76,9.8,39.4,1.1,28.8,1.5,68.9,0.5,1.9,0.7,0.1,1.4,1
78,4.8,43.2,0.0,25.0,0.9,67.3,0.8,1.4,0.7,0.3,0.7,1
79,7.9,45.5,0.6,31.2,0.9,68.2,0.7,3.0,1.0,0.0,1.5,1
62,7.0,42.7,0.3,30.8,0.8,72.7,2.0,0.8,0.4,0.3,0.9,0
68,6.3,39.3,0.3,24.6,1.5,78.9,0.1,3.3,0.5,0.1,1.8,1
23,5.5,29.1,0.6,25.9,0.2,62.5,0.7,0.9,0.6,0.1,0.7,0
82,5.6,53.3,0.5,42.4,0.7,78.9,1.3,0.6,0.5,0.2,0.5,1
43,4.3,57.6,0.0,0.0,1.2,57.1,1.1,0.3,0.4,1.3,1.2,0
80,4.9,44.2,0.0,23.1,1.5,69.5,1.1,1.1,0.9,0.2,0.9,1
82,4.3,53.7,0.0,0.0,1.0,70.3,1.9,0.4,0.4,0.6,0.8,1
77,5.0,47.5,0.2,38.7,1.5,73.7,1.1,0.8,1.0,0.3,1.0,1
76,4.8,42.9,0.6,33.6,1.0,75.7,0.4,2.2,1.0,0.3,1.1,1
46,4.3,41.2,0.0,0.0,1.0,64.0,1.4,0.9,0.5,0.4,1.4,0
71,5.2,52.8,0.0,0.0,1.2,63.0,1.7,0.3,0.3,0.8,0.9,1
25,3.8,36.2,0.7,30.4,0.3,77.8,0.3,0.7,0.6,0.0,0.4,0
68,4.8,37.2,0.4,35.3,0.9,66.7,0.7,0.5,0.4,0.3,0.8,0
62,3.2,42.9,0.0,33.3,0.8,70.1,0.3,1.7,0.6,0.1,0.9,1
67,4.3,40.4,0.0,33.3,0.7,43.6,1.1,0.6,0.4,0.3,0.8,1
39,4.0,42.6,0.6,35.8,0.5,70.4,0.4,1.4,0.5,0.2,0.6,1
38,3.3,36.3,0.4,26.9,0.4,73.7,0.3,1.8,0.5,0.0,0.7,0
36,3.5,33.6,0.3,24.5,0.4,62.5,0.1,1.4,0.4,0.0,0.7,0
76,5.1,39.4,0.3,22.0,1.3,78.0,0.3,2.3,0.7,0.1,1.1,0
38,3.0,38.9,0.2,27.3,0.9,68.8,0.5,1.0,0.6,0.1,0.7,0
11,1.8,60.0,0.0,0.0,0.2,33.3,1.5,0.4,0.4,0.4,0.6,0
45,2.6,38.5,0.1,20.0,0.8,65.5,0.6,0.5,0.4,0.1,0.5,1
79,18.9,41.7,0.8,29.0,4.4,75.4,1.3,5.9,1.6,0.7,3.5,1
82,17.9,42.6,0.8,32.2,5.0,77.7,2.2,2.8,1.2,0.5,3.0,1
76,10.8,38.6,1.9,39.0,1.8,80.4,0.6,6.8,1.3,0.3,2.7,1
61,13.1,46.5,0.3,30.2,3.8,74.7,1.4,4.5,1.4,0.6,3.2,1
75,9.5,45.9,0.1,35.7,2.7,70.1,2.5,1.0,0.8,1.4,1.4,1
70,9.9,40.0,0.6,30.5,1.1,78.6,1.0,1.5,1.0,0.2,1.6,1
55,7.2,38.4,0.1,23.8,1.5,81.6,0.7,6.5,1.1,0.1,2.5,1
73,6.2,40.3,0.9,35.8,0.9,63.1,1.5,1.3,0.6,0.1,1.0,1
75,6.0,45.9,0.0,0.0,1.9,76.5,2.5,0.7,0.4,0.3,1.0,1
67,7.9,43.0,0.3,30.3,1.4,70.3,2.2,1.4,1.0,0.8,1.0,1
82,5.3,46.0,0.0,0.0,1.2,69.7,1.5,1.0,0.3,0.9,1.9,1
37,4.2,35.9,0.4,30.2,0.8,71.8,0.2,2.9,0.8,0.1,0.9,0
38,3.6,45.7,0.1,15.4,1.1,70.5,1.4,1.3,0.7,0.1,1.2,1
47,6.0,39.4,0.1,44.4,1.4,62.9,1.2,1.2,0.7,0.4,1.1,1
75,5.4,38.6,1.0,37.1,0.7,82.1,0.2,2.8,0.8,0.1,1.7,1
56,7.3,49.4,0.2,30.6,1.1,76.9,1.2,2.1,0.9,0.2,0.8,1
41,5.0,35.5,0.2,21.2,0.5,59.5,1.4,0.7,0.9,0.8,0.9,1
81,5.5,40.0,0.3,31.4,1.2,75.6,0.4,2.2,1.1,0.2,1.5,1
69,5.1,41.4,0.4,33.8,0.9,82.3,0.5,2.4,0.8,0.1,1.2,1
53,6.7,40.1,0.4,31.1,1.1,72.8,0.3,1.0,0.5,0.1,1.1,1
24,4.5,40.4,0.5,38.2,0.5,47.8,1.0,0.4,1.2,0.5,0.6,0
57,5.3,38.0,0.2,25.6,0.8,78.6,0.4,1.3,0.5,0.0,0.9,1
71,3.2,47.4,0.0,0.0,0.8,71.3,1.6,0.8,0.4,0.4,0.7,1
35,4.0,47.5,0.0,0.0,0.6,75.0,0.9,0.6,0.5,0.5,0.5,1
41,3.2,35.4,0.2,30.0,0.5,81.5,0.7,0.5,0.2,0.2,0.4,0
74,4.4,35.2,1.1,39.1,0.3,79.2,0.4,0.5,0.3,0.1,0.6,1
49,4.7,42.4,0.7,40.4,0.9,81.1,0.3,1.0,0.6,0.2,0.7,0
36,3.2,45.7,0.0,0.0,0.5,44.2,1.4,0.5,0.4,0.0,0.6,0
41,3.1,40.3,0.5,47.7,0.5,83.3,0.5,0.3,0.3,0.1,0.5,1
72,2.1,42.5,0.2,33.3,0.4,70.5,0.5,1.6,0.4,0.1,0.6,1
38,2.3,29.1,0.1,30.0,0.4,64.0,0.2,1.1,0.3,0.1,0.5,0
54,2.6,45.3,0.6,37.0,0.4,88.5,0.2,0.4,0.3,0.1,0.1,0
16,1.0,43.8,0.1,33.3,0.3,66.7,0.1,0.1,0.1,0.0,0.4,1
78,13.2,41.6,0.4,31.8,4.0,82.4,1.7,2.7,1.8,0.4,2.5,1
55,4.4,50.4,0.3,38.3,1.3,75.0,0.3,1.1,0.4,0.1,1.0,0
82,10.1,47.2,0.0,20.0,3.9,66.1,3.0,1.0,0.8,1.1,2.3,1
47,12.9,36.9,1.2,31.6,2.7,80.0,0.4,2.8,0.8,0.1,1.8,0
70,11.1,45.7,0.2,29.2,2.2,71.2,2.3,1.2,0.8,0.5,2.1,1
75,9.1,39.9,0.9,32.2,1.4,64.0,0.4,4.7,1.1,0.2,2.3,0
81,7.6,53.6,0.0,0.0,1.8,77.1,2.5,1.3,0.7,0.6,1.3,1
49,6.9,52.9,0.0,14.3,1.6,52.1,2.2,0.8,0.5,1.1,1.7,1
82,5.7,36.2,0.1,25.0,0.9,65.2,0.5,3.4,1.0,0.2,1.9,0
64,7.3,36.9,1.6,35.3,1.3,76.6,0.3,2.6,0.6,0.1,0.9,0
33,4.6,40.5,0.9,32.3,0.6,76.0,0.7,1.0,0.6,0.3,0.7,0
70,3.8,30.5,0.6,29.3,0.2,80.0,0.2,0.6,0.4,0.2,0.4,0
59,7.3,39.3,0.4,26.9,0.8,79.0,0.6,2.2,1.0,0.6,1.4,0
72,7.9,36.2,0.7,29.2,1.1,73.1,0.4,1.3,0.3,0.6,1.1,1
67,2.1,47.1,0.0,0.0,1.2,51.9,2.5,0.5,0.6,0.2,0.8,1
66,5.1,40.2,0.6,32.2,1.5,83.1,0.4,2.5,0.7,0.2,2.0,1
75,6.2,42.2,0.2,22.2,0.9,78.4,1.1,0.7,0.6,0.2,0.9,0
82,5.1,40.3,0.6,34.7,1.0,78.0,0.8,1.3,0.7,0.2,1.1,1
82,5.1,40.3,0.6,34.7,1.0,78.0,0.8,1.3,0.7,0.2,1.1,1
27,4.3,46.6,0.0,0.0,1.7,72.6,1.4,0.6,0.3,0.3,0.7,0
72,4.5,37.3,0.7,31.5,1.0,68.6,0.4,1.0,0.5,0.1,0.8,0
42,6.5,38.4,0.6,29.8,0.9,80.4,0.3,1.0,0.6,0.1,1.0,1
52,3.6,49.5,0.0,0.0,1.0,70.3,1.2,0.3,0.2,0.6,1.0,1
46,3.2,33.8,0.2,28.6,0.8,78.7,0.4,2.0,0.6,0.1,0.6,1
35,3.7,43.4,0.0,0.0,1.6,69.5,0.7,0.9,0.2,0.1,0.7,0
51,3.8,38.7,0.4,33.3,0.6,67.4,0.3,0.4,0.4,0.3,0.9,0
55,3.7,46.6,0.0,0.0,1.3,68.0,1.2,0.3,0.2,0.4,0.8,0
58,2.6,38.5,0.2,41.7,0.2,50.0,0.3,0.8,0.5,0.1,0.5,0
51,4.4,51.4,0.2,18.2,1.0,68.9,1.2,0.6,0.4,0.8,0.6,0
76,3.2,39.3,0.3,27.9,0.2,69.6,0.3,0.9,0.1,0.1,0.8,1
39,3.9,43.1,0.1,25.0,0.7,68.4,0.5,0.2,0.2,0.5,0.5,0
46,3.0,52.1,0.0,0.0,0.5,50.0,0.7,0.5,0.1,0.3,0.6,1
50,3.4,41.2,0.4,36.1,0.4,80.8,0.2,1.7,0.3,0.0,1.1,1
42,2.8,44.9,0.5,42.6,0.3,64.7,0.1,0.6,0.2,0.3,0.5,1
48,2.5,29.2,0.0,0.0,0.5,59.0,0.7,0.2,0.2,0.4,0.5,0
64,1.8,41.4,0.2,32.3,0.4,74.3,0.3,0.7,0.3,0.1,0.5,1
36,2.9,37.9,0.2,28.0,0.2,70.0,0.2,0.4,0.4,0.1,0.6,0
53,2.2,50.0,0.1,33.3,0.1,35.0,0.3,0.2,0.3,0.0,0.4,0
57,4.9,41.0,0.6,32.4,0.3,79.2,0.2,1.9,0.6,0.1,0.8,0
19,1.9,29.7,0.3,35.7,0.2,75.0,0.1,0.6,0.1,0.1,0.1,0
78,12.3,42.9,1.3,37.3,2.5,70.0,2.3,2.8,1.6,1.0,2.0,1
80,13.6,42.6,1.0,33.3,1.8,67.1,1.6,3.0,1.3,0.4,2.0,1
80,9.5,38.0,0.5,24.0,1.6,70.4,1.0,8.1,1.7,0.5,3.4,1
77,8.3,41.9,0.8,32.3,1.4,67.5,0.4,4.3,1.2,0.1,2.0,1
78,8.1,42.5,0.8,36.4,1.1,76.3,0.8,2.2,0.7,0.6,1.3,1
55,3.2,40.6,0.4,26.5,0.8,80.0,0.3,0.5,0.3,0.5,0.4,0
73,9.1,36.6,1.2,33.0,0.9,74.4,1.6,0.7,0.2,1.8,0.6,1
77,7.6,43.0,0.5,29.2,0.5,77.4,1.0,2.3,0.8,0.3,0.9,1
47,8.2,45.3,0.8,34.5,2.6,77.5,0.9,3.7,1.5,0.2,2.1,1
79,7.5,45.7,0.2,23.2,2.4,71.3,1.1,1.8,0.8,0.6,1.4,1
67,6.7,40.0,0.1,12.1,1.7,83.8,0.7,3.0,1.4,0.1,1.4,1
70,4.9,46.1,0.0,0.0,1.9,74.0,2.0,0.8,0.4,0.3,0.8,1
62,3.6,49.3,0.0,0.0,1.6,60.6,2.3,0.5,0.3,1.5,0.8,1
71,4.3,49.7,0.0,0.0,1.9,60.4,1.6,0.8,0.4,1.3,1.4,1
77,3.6,42.1,0.0,50.0,1.5,70.1,1.7,1.1,0.4,0.6,0.9,1
82,5.2,42.1,0.0,33.3,1.5,77.6,1.2,0.9,0.4,0.3,1.0,1
68,4.3,38.4,0.2,19.2,0.3,64.3,1.1,0.9,0.3,0.4,0.7,0
72,5.2,50.1,0.0,0.0,1.5,65.6,1.5,0.3,0.2,0.7,1.0,1
36,5.5,36.7,0.2,25.9,1.0,78.3,0.5,3.0,0.9,0.0,1.5,0
64,3.3,45.3,0.3,36.4,0.4,63.9,0.5,2.0,0.9,0.1,0.8,1
57,4.3,38.7,0.0,0.0,1.2,70.7,1.1,0.8,0.3,0.5,0.8,1
62,5.3,34.1,0.7,28.4,0.8,67.1,0.2,1.5,0.6,0.1,1.0,0
35,2.3,35.0,0.3,24.5,0.5,72.7,0.1,1.1,0.3,0.1,0.7,0
47,3.2,53.6,0.0,0.0,0.9,55.4,1.2,0.1,0.4,0.7,0.6,1
40,2.9,42.6,0.1,33.3,0.5,75.0,0.3,1.8,0.5,0.1,1.0,0
53,2.8,45.6,0.0,0.0,1.0,58.5,0.8,0.1,0.1,0.8,0.3,1
60,1.6,34.4,0.0,0.0,0.7,73.3,0.8,0.4,0.3,0.6,0.6,1
53,2.2,51.7,0.0,0.0,0.8,73.7,0.6,0.1,0.1,0.1,0.6,0
54,3.2,42.9,0.0,0.0,0.4,50.0,0.9,0.5,0.3,0.1,0.4,1
21,3.2,38.2,0.7,38.5,0.6,92.3,0.1,1.2,0.2,0.0,0.5,0
41,2.6,44.9,0.0,0.0,0.4,66.7,0.8,0.3,0.2,0.1,0.4,1
35,2.4,31.8,0.1,29.4,0.1,50.0,0.3,0.2,0.2,0.0,0.2,0
39,3.4,57.1,0.0,0.0,0.8,54.5,1.3,0.3,0.1,0.8,0.4,0
68,11.4,44.5,0.0,9.1,1.8,63.0,2.0,1.9,1.1,1.7,2.0,1
48,10.6,46.7,0.1,21.7,3.2,80.2,2.5,1.2,0.7,0.6,1.9,1
82,10.3,43.6,1.8,40.7,1.1,71.1,0.8,1.7,0.6,0.2,1.2,1
81,7.8,50.5,0.0,5.3,1.5,52.1,1.6,1.2,0.6,1.5,1.8,1
80,8.4,43.1,0.8,38.2,1.3,71.7,1.4,1.3,0.8,0.3,1.0,1
51,8.7,38.9,0.0,0.0,1.8,66.7,1.7,1.2,0.9,0.1,1.2,0
72,9.0,43.0,0.1,25.6,1.6,72.7,1.1,1.1,0.4,0.3,1.7,1
77,7.4,42.5,0.7,33.5,1.3,71.9,0.5,1.8,1.1,0.2,1.7,1
65,8.8,41.7,0.3,37.0,1.9,82.0,0.6,1.0,0.7,0.1,1.1,0
59,6.6,44.2,0.0,0.0,1.7,79.4,1.8,0.3,0.3,0.9,1.4,1
63,3.3,42.7,0.4,31.6,0.5,63.3,0.4,0.2,0.3,0.1,0.5,0
78,5.6,43.1,0.2,26.9,0.9,73.6,0.9,0.8,0.5,0.3,0.7,1
50,6.2,37.0,0.6,33.3,1.1,77.8,0.4,2.9,1.0,0.0,1.1,0
76,6.9,44.2,0.7,33.1,1.3,62.7,1.4,0.8,0.6,0.1,0.8,1
64,3.1,50.5,0.0,0.0,0.7,69.7,1.5,0.5,0.6,1.2,1.0,1
61,5.0,35.2,0.7,35.0,0.4,79.4,0.1,2.3,0.7,0.2,1.4,1
78,5.0,37.4,0.5,32.3,0.8,73.6,0.7,0.8,0.6,0.4,1.2,1
80,4.2,45.1,0.0,0.0,1.1,60.3,1.4,0.4,0.8,1.0,0.8,1
76,4.8,40.9,0.4,35.0,1.6,69.8,0.1,2.3,0.5,0.1,1.2,1
78,5.1,40.0,0.1,29.4,1.2,70.8,0.3,2.7,0.6,0.0,1.8,1
53,4.2,41.4,1.0,39.6,0.5,90.3,0.2,1.3,0.4,0.0,0.6,0
42,3.2,48.5,0.0,0.0,0.8,74.4,0.7,0.6,0.2,0.1,0.6,1
50,4.9,42.1,0.4,34.5,0.5,68.6,0.1,1.0,0.3,0.0,0.7,1
55,3.9,50.5,0.0,16.7,0.8,72.4,0.7,0.7,0.5,0.1,0.8,0
54,2.5,47.8,0.0,0.0,0.8,68.9,0.6,0.2,0.3,0.4,0.9,0
25,6.4,41.3,0.5,28.3,0.9,76.7,0.2,3.0,0.7,0.5,2.2,0
38,3.4,39.7,0.5,38.0,0.8,72.5,0.1,0.7,0.2,0.0,0.5,0
70,1.6,48.7,0.0,100.0,0.4,70.3,1.1,0.3,0.1,0.1,0.4,1
40,2.3,34.1,0.0,8.3,0.7,68.4,0.2,0.5,0.3,0.1,0.7,1
81,16.1,48.2,0.0,0.0,4.5,68.5,4.3,1.9,0.8,1.6,2.8,1
76,13.5,43.8,0.8,36.0,4.0,71.9,2.1,4.2,1.2,1.3,3.4,1
77,14.5,44.5,1.4,34.5,3.7,78.6,2.0,6.6,1.5,0.4,4.0,1
72,10.5,40.7,0.8,31.4,2.6,67.4,0.9,2.8,1.6,0.5,2.3,1
73,9.2,51.1,0.4,35.9,1.8,82.6,1.2,2.8,0.8,0.3,1.1,0
72,5.7,42.4,0.2,28.1,1.7,75.3,1.8,2.5,1.6,0.2,1.3,1
82,9.2,44.9,0.1,20.4,2.8,77.4,1.0,5.8,1.0,0.2,2.0,1
81,6.6,42.9,1.0,37.3,1.5,80.0,1.0,1.8,1.2,0.4,1.2,1
72,7.4,39.9,0.4,26.2,1.9,66.0,2.0,1.6,0.8,0.3,1.6,1
51,9.2,47.1,0.1,18.2,1.4,84.7,2.1,1.4,0.8,1.0,1.0,1
75,8.7,40.5,0.7,32.5,1.7,75.1,0.8,3.3,1.2,0.2,1.8,0
79,6.4,39.5,0.0,13.0,1.2,75.0,0.6,4.8,1.2,0.1,2.2,1
81,7.4,41.5,0.6,29.3,1.4,80.7,0.3,4.3,1.1,0.1,1.9,1
82,9.0,42.4,0.7,35.0,1.2,72.9,0.2,3.7,0.6,0.0,1.7,1
71,8.5,42.0,0.4,36.4,1.5,77.4,0.5,1.5,0.4,0.1,1.2,1
48,4.9,47.6,0.2,38.5,0.9,68.3,1.2,1.1,0.8,0.4,0.8,1
45,11.4,39.9,1.4,35.2,1.4,80.8,0.8,3.3,1.2,0.3,1.4,0
82,5.3,42.0,0.3,22.5,1.2,63.4,0.6,3.8,1.2,0.2,1.7,1
77,6.1,47.8,0.0,18.2,2.5,75.1,1.6,0.8,0.3,0.3,1.8,1
67,5.8,54.9,0.0,0.0,0.7,73.4,0.8,0.5,0.7,0.4,0.6,1
71,1.9,42.0,0.0,0.0,0.6,48.9,1.6,0.6,0.4,0.4,0.8,1
45,2.8,36.3,0.5,35.8,0.6,67.5,0.3,2.5,0.3,0.0,0.9,0
74,4.0,37.2,0.3,36.5,0.5,73.1,0.6,0.5,0.3,0.2,0.6,0
52,2.3,39.3,0.0,11.1,0.7,71.7,1.4,0.4,0.8,0.3,0.3,1
46,2.5,42.6,0.0,0.0,0.5,63.2,0.5,0.3,0.3,0.2,0.5,0
47,3.0,31.4,0.3,29.5,0.4,70.4,0.5,0.5,0.3,0.2,0.5,1
75,8.7,46.2,0.0,0.0,1.9,60.9,2.5,1.7,1.8,1.9,1.9,0
40,2.2,39.8,0.0,0.0,0.5,46.3,0.8,0.2,0.1,0.9,0.3,0
59,3.1,30.9,0.3,28.6,0.4,66.7,0.1,1.5,0.2,0.0,0.7,0
53,1.8,43.9,0.0,0.0,0.4,59.5,0.3,0.9,0.4,0.0,0.8,1
49,2.9,38.9,0.3,34.0,0.6,65.9,0.6,0.2,0.2,0.1,0.4,1
22,1.5,40.6,0.0,0.0,0.4,66.7,0.5,0.0,0.2,0.1,0.5,0
50,12.3,37.4,2.0,31.0,1.6,75.2,0.3,6.0,1.9,0.0,2.9,1
50,15.3,45.0,0.4,28.8,4.1,76.1,1.9,3.0,1.1,1.5,2.2,1
50,12.1,43.0,0.3,20.3,2.5,75.1,0.6,6.5,1.6,0.1,2.9,1
48,13.5,43.9,1.8,41.2,2.9,71.3,2.4,2.4,1.7,1.0,2.4,1
82,8.6,42.5,0.1,26.2,1.4,55.1,1.3,6.5,1.7,0.2,2.5,0
50,9.2,46.5,1.4,43.3,0.9,63.9,0.5,1.9,0.5,0.2,1.3,1
28,4.8,50.0,0.0,0.0,1.5,71.7,4.0,0.9,0.9,0.6,1.2,1
41,3.8,35.7,0.1,35.7,0.8,50.7,2.0,0.6,0.4,0.3,0.8,1
49,8.3,42.5,1.1,35.8,1.8,81.8,0.4,2.5,0.9,0.5,1.6,1
50,8.1,44.9,0.7,36.5,2.1,78.2,1.1,1.6,1.5,0.4,1.1,0
47,8.4,45.2,0.1,30.0,1.9,58.8,2.8,0.7,0.8,0.3,1.4,1
50,6.4,46.3,0.2,40.0,2.0,71.3,1.8,0.9,0.6,0.1,1.5,1
25,10.5,49.0,0.2,25.0,1.8,69.7,2.0,1.7,1.2,0.2,1.9,0
50,8.3,41.1,0.2,15.4,2.1,70.9,1.7,1.5,0.9,0.3,1.4,1
49,4.1,53.7,0.0,0.0,0.9,53.8,1.6,0.8,0.9,0.9,0.9,1
49,5.4,46.8,0.0,0.0,1.1,67.5,1.3,0.4,0.4,0.3,0.5,1
42,5.1,32.9,0.1,16.7,0.6,75.0,0.2,1.6,0.5,0.2,1.1,0
28,2.9,45.0,0.0,0.0,0.8,56.8,1.3,0.4,0.4,1.1,0.8,1
24,5.0,36.1,1.0,40.3,0.6,82.4,0.3,1.8,0.5,0.0,0.7,1
39,4.4,50.0,0.2,38.9,1.0,71.4,0.7,0.5,0.2,0.1,0.5,1
67,7.1,36.7,1.4,33.5,1.2,64.6,0.9,3.1,1.5,0.3,1.3,0
34,3.8,36.4,0.5,32.7,0.2,100.0,0.1,1.5,0.3,0.1,0.9,1
26,2.9,73.7,0.0,0.0,0.8,50.0,1.0,0.2,0.4,0.8,0.4,1
38,3.6,56.5,0.0,50.0,2.1,79.4,0.9,0.6,0.2,0.5,0.8,1
46,4.3,40.5,0.0,16.7,1.0,76.3,0.9,1.3,0.7,0.1,1.2,1
30,3.2,36.5,0.1,40.0,0.8,55.6,0.7,0.7,0.3,0.1,0.6,0
31,3.8,37.6,0.1,21.4,0.9,67.5,0.5,0.3,0.3,0.3,0.7,0
34,4.8,38.0,0.0,10.0,1.1,82.2,0.4,0.4,0.1,0.0,0.7,0
22,3.6,38.0,0.1,16.7,0.1,66.7,0.3,1.5,0.3,0.0,0.9,1
27,3.2,39.5,0.0,20.0,0.3,69.2,0.9,0.5,0.3,0.1,0.4,0
24,2.1,29.4,0.3,26.1,0.6,75.0,0.1,0.8,0.2,0.0,0.5,0
59,10.1,44.8,0.6,31.4,2.2,82.9,0.9,3.5,0.9,0.2,1.6,0
35,2.8,44.3,0.0,0.0,0.8,77.8,0.9,0.4,0.5,0.2,0.6,0
33,2.7,37.1,0.1,30.0,0.3,78.6,0.2,0.9,0.1,0.0,0.7,0
24,2.1,41.2,0.0,16.7,0.9,71.0,0.7,0.1,0.2,0.1,0.5,1
26,1.6,35.7,0.0,0.0,0.5,57.1,0.7,0.1,0.2,0.1,0.5,1
62,16.9,42.6,1.1,30.8,4.2,84.6,2.3,1.7,1.0,0.4,2.6,1
80,14.3,45.0,0.0,10.7,2.4,83.9,1.4,2.2,1.6,0.2,1.6,1
80,7.4,44.1,0.0,0.0,2.5,80.1,0.8,8.2,2.5,0.2,2.4,1
82,8.8,48.0,0.0,0.0,1.7,71.6,0.9,2.0,1.2,0.6,2.0,1
82,8.8,48.0,0.0,0.0,1.7,71.6,0.9,2.0,1.2,0.6,2.0,0
68,11.6,39.2,0.3,25.9,2.2,81.4,1.1,4.7,1.5,0.2,2.7,1
77,8.8,42.2,0.7,34.1,1.9,84.2,0.4,3.6,0.7,0.1,2.5,0
77,7.9,37.1,0.5,32.8,1.0,72.7,0.7,4.3,0.8,0.1,1.6,1
66,8.9,40.8,0.3,20.2,4.2,87.3,0.8,3.4,1.3,0.2,1.9,1
80,9.4,37.4,1.3,32.9,2.8,85.0,0.8,3.9,1.3,0.1,2.2,1
74,7.4,41.6,0.1,21.2,1.5,65.9,0.3,4.5,0.7,0.1,2.2,1
66,7.5,40.4,0.7,32.1,1.0,78.3,0.7,1.2,0.8,0.4,1.1,0
65,8.1,44.6,0.0,21.4,1.1,70.2,2.1,0.9,0.8,1.1,1.5,1
77,8.9,44.7,0.8,36.3,2.2,74.0,1.4,1.2,0.7,0.2,1.5,1
80,7.6,45.2,0.0,33.3,3.3,77.6,2.3,1.0,0.6,0.4,2.0,1
71,9.5,47.6,0.0,0.0,2.4,70.9,1.7,0.7,0.5,0.6,1.5,1
52,7.5,49.0,0.0,14.3,2.1,67.9,1.5,1.2,0.4,0.3,1.2,1
54,5.2,44.3,0.2,32.1,1.2,72.2,0.4,1.9,0.7,0.1,1.1,1
58,5.3,36.7,0.0,25.0,1.9,61.7,0.5,1.9,1.1,0.2,1.7,0
64,6.2,45.0,0.2,34.1,1.2,71.2,1.6,1.5,0.8,0.9,1.0,1
38,3.7,34.8,0.6,36.1,1.1,67.7,0.4,2.6,0.7,0.1,1.4,1
38,5.8,40.7,0.8,37.7,0.9,62.1,0.7,0.9,0.5,0.2,1.3,0
74,3.1,42.8,0.0,0.0,1.2,68.8,1.2,0.3,0.4,1.3,0.6,1
34,6.0,43.9,1.0,39.8,0.1,57.1,0.5,1.3,0.6,0.5,1.1,0
32,6.9,41.4,0.0,11.1,0.9,65.2,1.5,0.9,0.6,0.3,1.4,0
58,3.6,44.9,0.0,0.0,0.8,59.7,1.1,0.3,0.2,1.4,0.7,0
35,2.8,37.8,0.0,0.0,1.4,70.0,0.3,1.9,0.4,0.0,1.3,1
39,3.0,41.4,0.0,16.7,0.8,72.1,0.6,0.9,0.4,0.1,0.8,0
54,2.1,48.7,0.0,0.0,0.8,75.9,0.9,0.3,0.4,0.2,0.8,1
39,3.1,47.1,0.0,0.0,0.6,52.2,1.4,0.5,0.5,0.1,0.8,0
45,2.7,36.1,0.1,37.5,1.1,70.6,0.1,1.9,0.2,0.0,1.2,1
38,1.8,32.9,0.1,28.6,0.1,42.9,0.2,1.2,0.6,0.1,0.7,0
40,2.8,41.8,0.0,33.3,1.4,83.8,0.5,0.2,0.3,0.2,0.5,1
37,1.7,39.7,0.2,32.1,0.4,65.0,0.2,0.5,0.3,0.1,0.3,1
76,19.8,41.6,2.0,34.1,5.0,70.2,1.5,7.5,2.1,0.3,4.4,1
82,14.5,42.6,1.9,37.7,2.1,77.1,1.3,3.0,1.9,0.4,1.6,1
82,16.5,42.5,0.6,32.7,2.8,63.1,3.5,3.2,1.3,0.7,2.8,1
80,15.2,45.3,0.1,25.9,4.8,74.6,2.7,2.2,1.0,1.0,2.8,1
67,13.0,40.8,1.5,35.4,3.7,72.7,0.8,7.8,1.0,0.3,3.1,1
82,11.1,43.0,1.4,39.3,2.5,82.3,1.2,2.6,0.9,0.1,1.8,1
63,12.3,48.2,0.0,14.3,2.9,69.3,2.1,1.5,1.1,2.1,2.1,1
82,7.5,44.1,1.9,40.4,0.9,76.3,0.2,3.7,1.0,0.0,1.5,1
77,6.4,48.1,0.0,25.0,1.1,58.7,2.7,0.6,0.6,0.8,1.0,1
62,7.0,39.6,0.7,28.7,1.6,75.2,1.0,1.2,0.7,1.1,1.7,0
68,5.7,57.3,0.0,0.0,1.4,69.6,2.2,0.6,0.6,1.4,0.5,1
41,4.4,37.9,0.8,38.2,0.4,61.5,0.6,1.6,0.7,0.2,0.8,0
65,4.9,46.2,0.4,51.1,1.0,68.7,0.8,0.8,0.4,0.1,1.1,1
71,3.9,50.9,0.0,0.0,0.9,62.0,1.8,0.5,0.4,0.8,0.7,1
71,5.9,41.7,0.7,37.5,1.9,81.9,0.7,1.3,0.7,0.3,1.6,1
64,3.6,43.7,0.1,40.9,0.7,64.6,0.5,2.4,0.6,0.2,1.6,1
57,3.6,54.9,0.0,0.0,0.9,60.5,1.3,0.3,0.2,0.4,1.0,1
72,4.7,39.0,0.0,100.0,1.5,63.7,1.3,0.6,0.3,1.0,1.2,1
50,7.5,41.4,1.2,36.5,1.2,76.3,0.2,1.7,0.6,0.2,0.9,0
61,4.2,46.5,0.9,46.4,0.7,82.4,0.5,1.6,0.6,0.1,1.1,1
43,4.3,44.4,0.0,0.0,1.1,64.9,1.1,0.4,0.3,0.5,0.9,1
75,3.5,42.9,0.0,0.0,1.0,69.1,1.4,0.3,0.1,0.3,0.7,1
68,3.5,51.7,0.0,50.0,1.2,71.8,0.8,0.5,0.3,0.4,1.1,1
80,3.3,39.7,0.3,30.1,1.0,65.8,0.3,1.5,0.5,0.1,0.9,1
57,3.2,41.7,0.0,20.0,0.5,56.5,1.1,0.3,0.3,0.3,0.4,0
45,3.4,45.1,0.0,0.0,1.0,60.3,0.9,0.2,0.0,0.6,0.6,1
54,2.4,47.7,0.0,0.0,0.7,61.3,1.3,0.6,0.5,0.3,0.8,1
70,1.7,44.6,0.0,0.0,0.6,73.8,0.8,0.2,0.2,0.5,0.6,0
65,5.4,35.2,0.8,31.4,1.8,59.1,0.8,1.2,0.6,1.1,1.3,0
36,1.7,53.2,0.0,0.0,0.5,48.6,0.8,0.4,0.3,0.2,0.6,1
35,1.6,52.6,0.0,0.0,0.5,55.2,0.5,0.2,0.1,0.1,0.4,0
35,1.9,38.2,0.1,28.6,0.2,57.1,0.2,0.4,0.2,0.3,0.5,1
35,2.5,55.1,0.0,0.0,0.4,56.5,0.5,0.3,0.0,0.3,1.1,0
70,16.1,42.6,1.9,39.5,3.4,79.7,0.8,9.3,1.4,0.3,3.8,1
82,11.9,47.6,0.7,32.8,3.0,74.9,1.7,3.5,1.0,0.4,1.6,1
72,15.2,41.4,1.3,31.8,5.4,74.7,1.3,3.9,1.1,1.1,3.5,1
82,12.5,45.8,0.1,35.7,3.7,77.3,3.7,1.0,1.0,1.6,1.7,1
77,11.4,45.7,0.0,0.0,2.8,73.2,2.3,1.4,0.6,0.7,2.0,1
80,9.3,41.2,0.7,36.8,2.5,78.2,0.8,6.1,1.1,0.0,2.4,0
76,11.6,48.5,0.0,0.0,2.2,68.3,3.0,1.0,0.7,1.5,2.0,1
80,9.2,49.1,0.1,28.6,1.3,70.5,2.2,1.8,1.1,1.6,1.4,1
65,8.7,48.7,0.4,32.9,1.2,65.0,1.4,1.3,0.7,0.8,1.6,1
79,7.6,47.4,1.6,41.6,1.4,81.0,0.5,2.9,1.2,0.3,1.5,1
64,8.5,44.1,0.0,30.0,3.1,67.1,1.4,1.1,0.9,0.2,1.4,1
74,7.4,50.1,0.0,0.0,1.6,66.3,1.6,0.6,0.6,0.5,1.3,1
54,4.7,48.0,0.0,0.0,1.8,65.1,2.1,0.6,0.4,0.2,1.1,0
79,5.5,44.2,0.0,0.0,1.5,59.5,2.1,0.6,0.6,0.5,1.1,1
69,6.2,51.3,0.0,0.0,1.1,55.3,1.2,0.7,0.4,0.2,1.3,1
72,4.6,43.9,0.0,27.3,1.0,68.6,1.6,0.8,0.3,0.4,0.9,0
75,3.1,55.7,0.0,0.0,1.1,70.8,1.5,0.2,0.2,1.6,0.8,1
42,4.5,40.2,0.8,39.8,1.1,76.7,0.2,2.7,0.4,0.0,1.5,1
79,4.6,41.1,0.3,34.6,1.3,70.2,0.4,2.9,0.7,0.3,1.5,1
69,2.7,56.7,0.0,0.0,0.7,66.2,1.1,0.2,0.7,0.6,0.6,1
62,4.1,43.1,0.1,14.7,0.9,70.1,0.7,1.4,0.3,0.2,1.0,0
62,4.7,38.7,0.7,34.4,0.6,83.3,0.5,1.1,0.5,0.1,0.7,0
51,4.5,38.2,0.8,36.4,0.9,78.6,0.3,2.5,0.8,0.1,1.6,0
64,3.9,40.9,0.1,26.9,0.6,66.1,1.0,0.5,0.4,0.5,0.5,1
44,5.6,45.3,0.4,32.7,1.1,65.3,0.8,1.1,0.7,0.2,1.0,0
57,3.2,47.3,0.0,0.0,0.6,66.7,1.0,0.1,0.1,1.1,0.4,1
53,5.1,46.6,0.0,0.0,0.9,56.0,1.1,0.4,0.2,0.2,1.4,1
36,2.8,33.0,0.3,31.0,0.9,67.4,0.3,1.5,0.4,0.1,1.2,0
60,3.6,41.5,0.2,26.2,0.8,81.7,0.5,0.7,0.2,0.1,0.7,1
59,2.8,42.3,0.1,32.0,1.3,83.3,0.2,1.6,0.3,0.1,1.1,1
57,2.8,43.8,0.0,0.0,0.7,58.8,0.9,0.4,0.2,0.1,0.8,1
47,5.1,34.0,0.6,31.1,1.2,67.4,0.6,1.2,1.2,0.3,1.4,0
43,2.3,42.0,0.0,20.0,0.7,59.2,0.2,1.7,0.7,0.0,0.9,1
41,2.6,34.3,0.2,30.3,0.6,72.2,0.1,1.2,0.5,0.1,0.8,0
61,2.8,37.6,0.0,0.0,1.0,65.6,0.7,0.2,0.3,0.2,0.7,0
49,1.8,35.6,0.0,22.2,0.5,75.0,0.6,0.3,0.2,0.2,0.3,0
53,2.3,45.0,0.0,0.0,0.4,56.1,0.7,0.2,0.3,0.1,0.5,0
33,1.2,39.0,0.0,0.0,0.2,62.5,0.3,0.1,0.1,0.1,0.1,0
70,15.2,47.7,0.1,14.8,5.3,73.2,1.8,5.0,1.8,0.9,2.9,1
80,17.6,45.1,1.1,32.1,5.0,79.6,2.1,2.5,1.4,0.3,3.9,0
80,17.6,45.1,1.1,32.1,5.0,79.6,2.1,2.5,1.4,0.3,3.9,1
65,14.3,48.9,0.0,0.0,3.0,66.4,2.8,2.5,0.8,0.2,2.5,1
63,4.3,57.5,0.0,0.0,1.0,55.1,2.3,0.7,0.3,0.4,0.8,0
79,10.8,38.5,0.9,27.2,2.4,69.8,1.9,7.7,1.9,0.3,3.2,1
81,13.5,40.2,0.8,29.8,2.5,75.4,1.6,1.6,0.9,0.7,2.0,1
64,11.6,46.0,1.4,37.0,1.9,72.2,1.2,2.0,2.0,0.6,1.2,1
78,7.4,53.4,0.0,0.0,2.1,63.5,2.5,0.5,0.4,0.8,1.4,1
72,12.2,39.4,1.0,28.4,2.0,66.2,1.9,1.5,0.6,1.2,1.6,1
80,10.1,51.1,0.0,25.0,2.9,63.6,2.6,1.2,0.6,1.4,2.0,1
79,9.8,46.5,0.0,0.0,2.3,64.5,2.4,0.6,0.5,1.3,1.9,0
78,8.2,48.4,1.5,43.6,1.0,79.2,0.9,1.3,0.6,0.3,1.0,1
66,5.9,48.5,0.0,28.6,1.0,44.7,3.0,0.7,0.5,0.6,1.4,0
81,6.2,45.4,0.4,31.6,2.1,73.9,0.7,4.8,0.8,0.3,2.0,1
32,5.2,41.9,0.6,37.5,1.0,68.1,0.4,1.3,1.0,0.3,0.9,0
67,6.9,44.3,1.0,39.2,2.1,71.4,0.8,4.3,1.1,0.1,2.0,1
53,5.3,38.0,0.8,32.8,1.0,75.3,0.3,4.1,0.8,0.1,1.4,1
45,5.8,44.4,0.2,39.3,1.1,68.5,0.8,2.0,0.8,0.4,0.9,1
37,6.0,47.5,0.1,21.4,1.5,64.8,0.6,2.7,0.8,0.0,1.5,0
64,4.0,46.5,0.0,0.0,0.9,49.2,1.5,0.5,0.6,0.6,0.8,0
62,3.4,45.7,0.0,0.0,0.8,61.4,0.7,1.1,0.7,0.2,0.9,0
63,4.8,51.5,0.0,16.7,1.0,83.3,0.8,1.0,0.5,0.3,0.7,1
81,5.6,44.1,0.9,37.4,1.1,78.3,0.8,1.0,0.5,0.2,0.8,1
55,3.4,38.1,0.3,31.4,0.6,70.0,0.2,3.2,0.7,0.0,1.8,0
46,2.9,59.1,0.0,100.0,0.5,48.9,1.2,0.5,0.2,0.6,0.5,0
41,3.2,45.1,0.0,0.0,0.4,44.7,1.0,1.2,0.5,0.1,1.0,1
46,2.9,53.0,0.0,40.0,1.0,61.8,1.5,0.8,0.4,0.1,0.8,1
49,2.5,32.8,0.2,24.3,0.6,77.5,0.2,1.9,0.4,0.1,1.0,1
53,2.5,43.3,0.0,0.0,0.5,75.0,1.0,0.5,0.4,0.4,0.5,1
60,2.5,50.0,0.1,26.3,0.6,67.9,0.3,1.0,0.6,0.2,0.8,0
58,4.3,38.4,0.4,30.1,0.9,64.9,0.6,1.0,0.2,0.1,0.9,0
59,3.1,42.4,0.0,0.0,0.8,69.4,1.0,0.6,0.2,0.1,0.8,1
55,1.3,47.9,0.0,0.0,0.5,68.3,0.7,0.2,0.2,1.1,0.3,1
41,3.1,38.8,0.2,36.0,1.4,68.2,0.5,0.4,0.3,0.4,0.7,0
46,2.6,56.2,0.0,33.3,0.3,41.0,0.3,0.7,0.4,0.1,0.7,0
42,2.9,37.2,0.1,24.0,0.8,65.3,0.4,0.4,0.3,0.1,0.4,0
49,4.0,42.6,0.8,38.4,0.6,71.1,0.2,1.0,0.3,0.0,1.0,0
38,3.0,39.5,0.5,31.0,0.2,66.7,0.2,1.1,0.3,0.1,0.7,0
82,13.3,46.6,0.6,26.7,3.0,74.2,2.3,6.6,2.3,0.6,3.6,1
79,17.5,40.6,1.1,28.4,3.9,69.9,1.4,3.4,1.1,0.2,3.1,1
81,13.0,39.4,1.5,33.8,1.9,78.1,0.6,5.8,1.1,0.1,1.8,1
76,13.6,55.2,0.0,0.0,2.5,53.2,4.0,3.6,1.2,2.2,2.7,1
47,4.4,44.7,0.3,27.1,0.9,72.1,1.0,0.7,0.5,0.5,0.8,0
82,10.6,50.1,0.0,20.0,2.9,56.9,3.4,2.0,0.7,1.4,2.0,1
79,14.1,46.8,0.7,36.0,2.7,81.1,1.5,2.6,0.7,0.3,2.8,1
82,10.9,37.5,0.8,33.3,1.3,73.2,0.6,4.8,1.5,0.1,2.2,1
79,8.6,41.9,0.5,31.1,1.7,77.8,1.7,1.6,0.7,0.6,1.1,1
71,8.1,50.8,0.0,0.0,1.4,59.6,3.1,1.4,1.4,0.4,1.2,1
79,5.1,41.5,0.0,16.7,1.5,75.7,2.4,1.2,0.9,1.2,0.9,1
65,10.7,47.0,0.0,4.3,1.9,77.0,1.4,1.9,1.0,0.1,1.7,1
37,4.5,58.7,0.0,0.0,1.6,59.2,2.2,1.0,1.0,1.0,0.8,1
81,5.0,47.9,0.0,0.0,1.0,72.9,3.7,1.2,0.8,0.4,1.2,1
81,5.2,50.8,0.0,0.0,2.4,64.2,2.3,0.7,0.6,1.0,1.3,1
79,8.5,40.5,0.4,29.9,1.1,82.4,0.2,1.3,0.4,0.2,1.3,1
49,6.0,54.5,0.0,0.0,2.2,71.1,1.9,0.6,1.5,0.0,0.9,0
79,6.9,43.9,0.4,38.0,1.6,67.2,1.1,1.3,0.8,0.6,1.7,1
75,5.6,49.5,0.0,0.0,1.4,57.8,1.4,1.0,0.7,0.3,1.2,1
66,5.9,41.8,0.4,29.5,1.4,84.1,0.4,2.9,0.9,0.1,1.4,1
67,4.2,48.4,0.0,9.1,0.9,61.4,0.9,0.8,1.0,0.3,0.8,1
23,3.6,47.6,0.0,0.0,0.8,60.0,1.3,0.7,0.6,0.1,0.8,0
47,4.5,36.2,0.4,26.6,1.0,82.5,0.3,0.8,0.7,0.3,0.6,0
74,5.0,40.6,0.0,0.0,1.5,67.5,1.1,0.2,0.3,0.7,1.0,0
77,5.0,42.1,0.1,21.2,1.1,73.1,0.6,1.4,0.6,0.1,1.0,1
51,4.6,41.9,0.0,33.3,0.9,65.7,0.9,1.2,0.7,0.3,0.9,1
68,2.5,59.2,0.0,0.0,0.7,54.7,1.1,0.3,0.3,0.3,0.7,0
70,4.4,40.0,0.0,8.0,1.3,83.6,0.3,0.9,0.9,0.1,0.9,1
55,2.6,53.9,0.0,0.0,0.4,54.5,0.9,0.4,0.3,0.5,0.6,0
64,5.3,37.7,0.4,40.4,1.0,75.3,0.4,1.2,0.4,0.1,0.9,1
58,4.9,36.5,0.4,31.5,0.8,67.2,0.6,1.2,0.5,0.3,0.9,1
67,2.6,43.7,0.0,0.0,0.7,61.3,1.1,0.8,0.3,0.5,0.8,1
39,5.5,35.5,0.6,26.2,0.9,75.0,0.6,0.9,0.6,0.3,1.0,0
60,2.9,36.8,0.2,23.4,0.7,83.0,0.2,2.1,0.6,0.1,0.9,1
40,2.1,30.5,0.3,33.3,0.3,80.0,0.1,1.3,0.3,0.0,0.9,1
48,2.4,52.2,0.3,50.0,0.6,82.4,0.1,1.5,0.3,0.1,0.6,1
38,2.3,31.8,0.1,20.8,0.3,44.4,0.4,0.4,0.4,0.3,0.5,0
53,2.8,40.4,0.3,27.9,0.4,75.9,0.5,0.5,0.3,0.1,0.6,0
45,2.4,41.5,0.0,0.0,0.6,63.0,1.1,0.2,0.2,0.5,0.5,1
68,1.9,31.7,0.0,33.3,0.7,73.5,0.3,0.3,0.2,0.1,0.3,0
47,1.5,48.6,0.0,0.0,0.4,54.1,0.5,0.2,0.1,0.2,0.3,1
81,16.1,56.2,0.0,0.0,5.3,59.2,4.2,1.9,0.7,3.5,3.8,1
77,12.6,46.4,0.9,36.9,2.7,74.6,1.0,3.8,1.6,0.7,2.6,1
81,13.1,47.4,0.0,10.0,5.7,83.5,2.1,2.8,1.3,1.0,3.4,1
81,14.0,42.6,0.5,28.1,2.2,64.4,2.7,3.8,1.6,0.4,2.8,1
78,14.3,51.1,0.0,0.0,6.3,78.1,3.4,1.0,0.3,3.5,3.0,1
82,11.7,50.4,0.0,15.4,2.9,74.8,3.3,1.8,0.9,1.4,1.9,1
82,12.8,46.9,0.0,25.0,3.5,71.3,2.2,1.8,1.0,0.8,2.1,1
79,8.6,47.4,0.2,25.5,1.8,71.5,1.4,2.4,1.0,1.1,2.0,1
72,10.4,49.3,0.0,0.0,3.3,60.2,2.7,1.3,0.5,1.1,2.2,1
59,13.9,43.5,1.0,31.9,3.8,74.2,1.9,3.0,1.1,0.5,3.0,1
82,9.8,43.3,0.0,0.0,1.4,65.1,2.2,1.1,0.7,0.9,1.7,1
48,12.0,52.4,0.0,33.3,3.2,70.7,2.1,1.3,1.8,0.8,1.9,0
71,11.7,43.2,0.8,29.3,3.0,71.7,2.0,1.6,1.1,0.7,1.7,1
39,7.1,44.6,0.0,0.0,2.5,83.2,1.0,1.3,0.6,0.1,1.1,1
45,7.2,47.1,0.1,23.1,1.3,72.8,0.6,3.5,0.7,0.1,1.6,1
77,8.2,46.8,0.6,39.0,2.1,78.6,0.8,2.2,0.8,0.2,1.6,1
74,7.6,40.2,0.1,16.7,1.7,77.2,0.7,1.6,1.0,0.2,1.5,0
20,8.2,44.8,0.0,0.0,2.1,75.9,1.9,1.2,0.8,0.3,1.3,0
77,8.4,44.3,0.8,33.3,0.9,72.7,1.1,1.9,0.5,0.4,1.3,1
56,4.6,47.5,0.0,0.0,1.3,71.0,1.3,2.1,0.7,1.8,1.9,1
73,8.4,47.5,0.0,33.3,2.2,76.2,1.0,1.0,0.5,0.1,1.3,0
40,5.4,52.8,0.1,23.8,0.4,73.7,1.0,0.6,0.5,0.2,0.7,0
82,4.6,50.0,0.0,0.0,2.0,70.0,2.1,1.0,0.7,0.2,1.2,1
82,4.6,45.6,0.5,39.1,0.5,57.4,0.3,3.3,0.7,0.1,1.0,1
50,5.0,43.8,0.1,31.6,0.9,79.6,0.3,1.7,0.4,0.1,0.9,1
79,4.1,44.6,0.0,28.6,1.6,66.5,1.5,0.9,0.6,0.5,1.1,0
80,3.6,43.3,0.0,14.3,1.2,79.2,0.4,2.5,0.6,0.2,0.8,0
80,3.6,43.3,0.0,14.3,1.2,79.2,0.4,2.5,0.6,0.2,0.8,0
68,4.1,35.8,0.1,16.7,0.8,79.4,0.4,2.3,0.8,0.0,1.3,1
43,3.9,55.0,0.0,0.0,1.0,64.3,1.5,0.3,0.3,0.4,0.9,0
52,3.8,43.9,0.0,10.0,1.2,62.5,0.2,2.2,0.4,0.1,0.8,1
47,4.4,36.9,0.4,33.3,0.7,67.3,0.2,1.4,0.7,0.1,0.9,1
